Category Reference
/pc/fruits-vegetables/fresh-vegetables/
/pc/fruits-vegetables/fresh-vegetables/potato-onion-tomato/
/pc/fruits-vegetables/fresh-vegetables/leafy-vegetables/
/pc/fruits-vegetables/fresh-vegetables/root-vegetables/
/pc/fruits-vegetables/fresh-vegetables/cucumber-capsicum/
/pc/fruits-vegetables/fresh-vegetables/cabbage-cauliflower/
/pc/fruits-vegetables/fresh-vegetables/beans-brinjals-okra/
/pc/fruits-vegetables/fresh-vegetables/gourd-pumpkin-drumstick/
/pc/fruits-vegetables/fresh-vegetables/specialty/
/pc/fruits-vegetables/herbs-seasonings/
/pc/fruits-vegetables/herbs-seasonings/lemon-ginger-garlic/
/pc/fruits-vegetables/herbs-seasonings/indian-exotic-herbs/
/pc/fruits-vegetables/fresh-fruits/
/pc/fruits-vegetables/fresh-fruits/mangoes/
/pc/fruits-vegetables/fresh-fruits/banana-sapota-papaya/
/pc/fruits-vegetables/fresh-fruits/kiwi-melon-citrus-fruit/
/pc/fruits-vegetables/fresh-fruits/apples-pomegranate/
/pc/fruits-vegetables/fresh-fruits/seasonal-fruits/
/pc/fruits-vegetables/fresh-fruits/fruit-baskets/
/pc/fruits-vegetables/exotic-fruits-veggies/
/pc/fruits-vegetables/exotic-fruits-veggies/exotic-fruits/
/pc/fruits-vegetables/exotic-fruits-veggies/exotic-vegetables/
/pc/fruits-vegetables/organic-fruits-vegetables/
/pc/fruits-vegetables/organic-fruits-vegetables/organic-vegetables/
/pc/fruits-vegetables/organic-fruits-vegetables/organic-fruits/
/pc/fruits-vegetables/cuts-sprouts/
/pc/fruits-vegetables/cuts-sprouts/cut-fruit-tender-coconut/
/pc/fruits-vegetables/cuts-sprouts/cut-peeled-veggies/
/pc/fruits-vegetables/cuts-sprouts/fresh-salads-sprouts/
/pc/fruits-vegetables/cuts-sprouts/recipe-packs/
/pc/fruits-vegetables/flower-bouquets-bunches/
/pc/fruits-vegetables/flower-bouquets-bunches/marigold/
/pc/fruits-vegetables/flower-bouquets-bunches/other-flowers/
/pc/fruits-vegetables/flower-bouquets-bunches/roses/
/pc/foodgrains-oil-masala/atta-flours-sooji/
/pc/foodgrains-oil-masala/atta-flours-sooji/atta-whole-wheat/
/pc/foodgrains-oil-masala/atta-flours-sooji/sooji-maida-besan/
/pc/foodgrains-oil-masala/atta-flours-sooji/rice-other-flours/
/pc/foodgrains-oil-masala/dals-pulses/
/pc/foodgrains-oil-masala/dals-pulses/toor-channa-moong-dal/
/pc/foodgrains-oil-masala/dals-pulses/cereals-millets/
/pc/foodgrains-oil-masala/dals-pulses/urad-other-dals/
/pc/foodgrains-oil-masala/rice-rice-products/
/pc/foodgrains-oil-masala/rice-rice-products/raw-rice/
/pc/foodgrains-oil-masala/rice-rice-products/poha-sabudana-murmura/
/pc/foodgrains-oil-masala/rice-rice-products/boiled-steam-rice/
/pc/foodgrains-oil-masala/rice-rice-products/basmati-rice/
/pc/foodgrains-oil-masala/organic-staples/
/pc/foodgrains-oil-masala/organic-staples/organic-dry-fruits/
/pc/foodgrains-oil-masala/organic-staples/organic-dals-pulses/
/pc/foodgrains-oil-masala/organic-staples/organic-sugar-jaggery/
/pc/foodgrains-oil-masala/organic-staples/organic-flours/
/pc/foodgrains-oil-masala/organic-staples/organic-rice-other-rice/
/pc/foodgrains-oil-masala/organic-staples/organic-edible-oil-ghee/
/pc/foodgrains-oil-masala/organic-staples/organic-masalas-spices/
/pc/foodgrains-oil-masala/salt-sugar-jaggery/
/pc/foodgrains-oil-masala/salt-sugar-jaggery/sugar-jaggery/
/pc/foodgrains-oil-masala/salt-sugar-jaggery/salts/
/pc/foodgrains-oil-masala/salt-sugar-jaggery/sugarfree-sweeteners/
/pc/foodgrains-oil-masala/edible-oils-ghee/
/pc/foodgrains-oil-masala/edible-oils-ghee/blended-cooking-oils/
/pc/foodgrains-oil-masala/edible-oils-ghee/gingelly-oil/
/pc/foodgrains-oil-masala/edible-oils-ghee/sunflower-rice-bran-oil/
/pc/foodgrains-oil-masala/edible-oils-ghee/ghee-vanaspati/
/pc/foodgrains-oil-masala/edible-oils-ghee/soya-mustard-oils/
/pc/foodgrains-oil-masala/edible-oils-ghee/other-edible-oils/
/pc/foodgrains-oil-masala/edible-oils-ghee/olive-canola-oils/
/pc/foodgrains-oil-masala/edible-oils-ghee/gingelly-groundnut-oils/
/pc/foodgrains-oil-masala/masalas-spices/
/pc/foodgrains-oil-masala/masalas-spices/whole-spices/
/pc/foodgrains-oil-masala/masalas-spices/powdered-spices/
/pc/foodgrains-oil-masala/masalas-spices/cooking-pastes/
/pc/foodgrains-oil-masala/masalas-spices/herbs-seasoning/
/pc/foodgrains-oil-masala/masalas-spices/blended-masalas/
/pc/foodgrains-oil-masala/dry-fruits/
/pc/foodgrains-oil-masala/dry-fruits/almonds/
/pc/foodgrains-oil-masala/dry-fruits/raisins/
/pc/foodgrains-oil-masala/dry-fruits/cashews/
/pc/foodgrains-oil-masala/dry-fruits/other-dry-fruits/
/pc/foodgrains-oil-masala/dry-fruits/mukhwas/
/pc/bakery-cakes-dairy/dairy/
/pc/bakery-cakes-dairy/dairy/milk/
/pc/bakery-cakes-dairy/dairy/curd/
/pc/bakery-cakes-dairy/dairy/paneer-tofu-cream/
/pc/bakery-cakes-dairy/dairy/butter-margarine/
/pc/bakery-cakes-dairy/dairy/condensed-powdered-milk/
/pc/bakery-cakes-dairy/dairy/buttermilk-lassi/
/pc/bakery-cakes-dairy/dairy/cheese/
/pc/bakery-cakes-dairy/dairy/flavoured-soya-milk/
/pc/bakery-cakes-dairy/dairy/yogurt-shrikhand/
/pc/bakery-cakes-dairy/breads-buns/
/pc/bakery-cakes-dairy/breads-buns/brown-wheat-multigrain/
/pc/bakery-cakes-dairy/breads-buns/milk-white-sandwich/
/pc/bakery-cakes-dairy/breads-buns/buns-pavs-pizza-base/
/pc/bakery-cakes-dairy/cookies-rusk-khari/
/pc/bakery-cakes-dairy/cookies-rusk-khari/rusks/
/pc/bakery-cakes-dairy/cookies-rusk-khari/khari-cream-rolls/
/pc/bakery-cakes-dairy/cookies-rusk-khari/bakery-biscuits-cookies/
/pc/bakery-cakes-dairy/cookies-rusk-khari/premium-cookies/
/pc/bakery-cakes-dairy/gourmet-breads/
/pc/bakery-cakes-dairy/gourmet-breads/croissants-bagels/
/pc/bakery-cakes-dairy/gourmet-breads/gourmet-bread/
/pc/bakery-cakes-dairy/gourmet-breads/bagels-baguette/
/pc/bakery-cakes-dairy/gourmet-breads/panini-focaccia-pita/
/pc/bakery-cakes-dairy/ice-creams-desserts/
/pc/bakery-cakes-dairy/ice-creams-desserts/ice-creams/
/pc/bakery-cakes-dairy/bakery-snacks/
/pc/bakery-cakes-dairy/bakery-snacks/cheese-garlic-bread/
/pc/bakery-cakes-dairy/bakery-snacks/bread-sticks-lavash/
/pc/bakery-cakes-dairy/bakery-snacks/puffs-patties-sandwiches/
/pc/bakery-cakes-dairy/cakes-pastries/
/pc/bakery-cakes-dairy/cakes-pastries/tea-cakes-slice-cakes/
/pc/bakery-cakes-dairy/cakes-pastries/muffins-cup-cakes/
/pc/bakery-cakes-dairy/cakes-pastries/pastries-brownies/
/pc/bakery-cakes-dairy/cakes-pastries/birthday-party-cakes/
/pc/bakery-cakes-dairy/cakes-pastries/doughnuts-mousses/
/pc/beverages/energy-soft-drinks/
/pc/beverages/energy-soft-drinks/soda-cocktail-mix/
/pc/beverages/energy-soft-drinks/cold-drinks/
/pc/beverages/energy-soft-drinks/sports-energy-drinks/
/pc/beverages/energy-soft-drinks/non-alcoholic-drinks/
/pc/beverages/water/
/pc/beverages/water/packaged-water/
/pc/beverages/water/spring-water/
/pc/beverages/water/flavoured-water/
/pc/beverages/tea/
/pc/beverages/tea/leaf-dust-tea/
/pc/beverages/tea/green-tea/
/pc/beverages/tea/tea-bags/
/pc/beverages/tea/exotic-flavoured-tea/
/pc/beverages/coffee/
/pc/beverages/coffee/ground-coffee/
/pc/beverages/coffee/instant-coffee/
/pc/beverages/health-drink-supplement/
/pc/beverages/health-drink-supplement/kids-5yrs/
/pc/beverages/health-drink-supplement/children-2-5-yrs/
/pc/beverages/health-drink-supplement/men-women/
/pc/beverages/health-drink-supplement/glucose-powder-tablets/
/pc/beverages/fruit-juices-drinks/
/pc/beverages/fruit-juices-drinks/juices-sweetened/
/pc/beverages/fruit-juices-drinks/unsweetened-cold-press/
/pc/beverages/fruit-juices-drinks/syrups-concentrates/
/pc/snacks-branded-foods/noodle-pasta-vermicelli/
/pc/snacks-branded-foods/noodle-pasta-vermicelli/instant-noodles/
/pc/snacks-branded-foods/noodle-pasta-vermicelli/hakka-noodles/
/pc/snacks-branded-foods/noodle-pasta-vermicelli/instant-pasta/
/pc/snacks-branded-foods/noodle-pasta-vermicelli/vermicelli/
/pc/snacks-branded-foods/noodle-pasta-vermicelli/cup-noodles/
/pc/snacks-branded-foods/noodle-pasta-vermicelli/pasta-macaroni/
/pc/snacks-branded-foods/breakfast-cereals/
/pc/snacks-branded-foods/breakfast-cereals/kids-cereal/
/pc/snacks-branded-foods/breakfast-cereals/oats-porridge/
/pc/snacks-branded-foods/breakfast-cereals/muesli/
/pc/snacks-branded-foods/breakfast-cereals/flakes/
/pc/snacks-branded-foods/breakfast-cereals/granola-cereal-bars/
/pc/snacks-branded-foods/biscuits-cookies/
/pc/snacks-branded-foods/biscuits-cookies/marie-health-digestive/
/pc/snacks-branded-foods/biscuits-cookies/cream-biscuits-wafers/
/pc/snacks-branded-foods/biscuits-cookies/glucose-milk-biscuits/
/pc/snacks-branded-foods/biscuits-cookies/salted-biscuits/
/pc/snacks-branded-foods/biscuits-cookies/cookies/
/pc/snacks-branded-foods/frozen-veggies-snacks/
/pc/snacks-branded-foods/frozen-veggies-snacks/frozen-vegetables/
/pc/snacks-branded-foods/frozen-veggies-snacks/frozen-veg-snacks/
/pc/snacks-branded-foods/frozen-veggies-snacks/frozen-non-veg-snacks/
/pc/snacks-branded-foods/frozen-veggies-snacks/frozen-indian-breads/
/pc/snacks-branded-foods/spreads-sauces-ketchup/
/pc/snacks-branded-foods/spreads-sauces-ketchup/honey/
/pc/snacks-branded-foods/spreads-sauces-ketchup/tomato-ketchup-sauces/
/pc/snacks-branded-foods/spreads-sauces-ketchup/choco-nut-spread/
/pc/snacks-branded-foods/spreads-sauces-ketchup/mayonnaise/
/pc/snacks-branded-foods/spreads-sauces-ketchup/jam-conserve-marmalade/
/pc/snacks-branded-foods/spreads-sauces-ketchup/chilli-soya-sauce/
/pc/snacks-branded-foods/spreads-sauces-ketchup/vinegar/
/pc/snacks-branded-foods/spreads-sauces-ketchup/dips-dressings/
/pc/snacks-branded-foods/snacks-namkeen/
/pc/snacks-branded-foods/snacks-namkeen/chips-corn-snacks/
/pc/snacks-branded-foods/snacks-namkeen/namkeen-savoury-snacks/
/pc/snacks-branded-foods/ready-to-cook-eat/
/pc/snacks-branded-foods/ready-to-cook-eat/breakfast-snack-mixes/
/pc/snacks-branded-foods/ready-to-cook-eat/soups/
/pc/snacks-branded-foods/ready-to-cook-eat/papads-ready-to-fry/
/pc/snacks-branded-foods/ready-to-cook-eat/home-baking/
/pc/snacks-branded-foods/ready-to-cook-eat/dessert-mixes/
/pc/snacks-branded-foods/ready-to-cook-eat/heat-eat-ready-meals/
/pc/snacks-branded-foods/ready-to-cook-eat/canned-food/
/pc/snacks-branded-foods/chocolates-candies/
/pc/snacks-branded-foods/chocolates-candies/chocolates/
/pc/snacks-branded-foods/chocolates-candies/toffee-candy-lollypop/
/pc/snacks-branded-foods/chocolates-candies/mints-chewing-gum/
/pc/snacks-branded-foods/chocolates-candies/gift-boxes/
/pc/snacks-branded-foods/pickles-chutney/
/pc/snacks-branded-foods/pickles-chutney/lime-mango-pickle/
/pc/snacks-branded-foods/pickles-chutney/other-veg-pickle/
/pc/snacks-branded-foods/pickles-chutney/chutney-powder/
/pc/snacks-branded-foods/pickles-chutney/non-veg-pickle/
/pc/snacks-branded-foods/indian-mithai/
/pc/snacks-branded-foods/indian-mithai/chikki-gajjak/
/pc/snacks-branded-foods/indian-mithai/tinned-packed-sweets/
/pc/snacks-branded-foods/indian-mithai/fresh-sweets/
/pc/beauty-hygiene/feminine-hygiene/
/pc/beauty-hygiene/feminine-hygiene/sanitary-napkins/
/pc/beauty-hygiene/feminine-hygiene/panty-liners/
/pc/beauty-hygiene/feminine-hygiene/hair-removal/
/pc/beauty-hygiene/feminine-hygiene/intimate-wash-care/
/pc/beauty-hygiene/feminine-hygiene/tampons-menstrual-cups/
/pc/beauty-hygiene/oral-care/
/pc/beauty-hygiene/oral-care/mouthwash/
/pc/beauty-hygiene/oral-care/toothpaste/
/pc/beauty-hygiene/oral-care/toothbrush/
/pc/beauty-hygiene/oral-care/floss-tongue-cleaner/
/pc/beauty-hygiene/bath-hand-wash/
/pc/beauty-hygiene/bath-hand-wash/hand-wash-sanitizers/
/pc/beauty-hygiene/bath-hand-wash/bathing-bars-soaps/
/pc/beauty-hygiene/bath-hand-wash/shower-gel-body-wash/
/pc/beauty-hygiene/bath-hand-wash/talcum-powder/
/pc/beauty-hygiene/bath-hand-wash/bathing-accessories/
/pc/beauty-hygiene/bath-hand-wash/bath-salts-oils/
/pc/beauty-hygiene/bath-hand-wash/body-scrubs-exfoliants/
/pc/beauty-hygiene/health-medicine/
/pc/beauty-hygiene/health-medicine/antiseptics-bandages/
/pc/beauty-hygiene/health-medicine/everyday-medicine/
/pc/beauty-hygiene/health-medicine/cotton-ear-buds/
/pc/beauty-hygiene/health-medicine/slimming-products/
/pc/beauty-hygiene/health-medicine/sexual-wellness/
/pc/beauty-hygiene/health-medicine/supplements-proteins/
/pc/beauty-hygiene/health-medicine/adult-diapers/
/pc/beauty-hygiene/health-medicine/ayurveda/
/pc/beauty-hygiene/hair-care/
/pc/beauty-hygiene/hair-care/hair-oil-serum/
/pc/beauty-hygiene/hair-care/shampoo-conditioner/
/pc/beauty-hygiene/hair-care/hair-color/
/pc/beauty-hygiene/hair-care/hair-scalp-treatment/
/pc/beauty-hygiene/hair-care/hair-styling/
/pc/beauty-hygiene/hair-care/dry-shampoo-conditioner/
/pc/beauty-hygiene/hair-care/tools-accessories/
/pc/beauty-hygiene/mens-grooming/
/pc/beauty-hygiene/mens-grooming/shaving-care/
/pc/beauty-hygiene/mens-grooming/bath-shower/
/pc/beauty-hygiene/mens-grooming/face-body/
/pc/beauty-hygiene/mens-grooming/talc/
/pc/beauty-hygiene/mens-grooming/hair-care-styling/
/pc/beauty-hygiene/mens-grooming/moustache-beard-care/
/pc/beauty-hygiene/mens-grooming/combos-gift-sets/
/pc/beauty-hygiene/skin-care/
/pc/beauty-hygiene/skin-care/body-care/
/pc/beauty-hygiene/skin-care/face-care/
/pc/beauty-hygiene/skin-care/lip-care/
/pc/beauty-hygiene/skin-care/eye-care/
/pc/beauty-hygiene/skin-care/aromatherapy/
/pc/beauty-hygiene/fragrances-deos/
/pc/beauty-hygiene/fragrances-deos/womens-deodorants/
/pc/beauty-hygiene/fragrances-deos/mens-deodorants/
/pc/beauty-hygiene/fragrances-deos/perfume/
/pc/beauty-hygiene/fragrances-deos/body-sprays-mists/
/pc/beauty-hygiene/fragrances-deos/eau-de-parfum/
/pc/beauty-hygiene/fragrances-deos/eau-de-toilette/
/pc/beauty-hygiene/fragrances-deos/attar/
/pc/beauty-hygiene/fragrances-deos/gift-sets/
/pc/beauty-hygiene/fragrances-deos/eau-de-cologne/
/pc/beauty-hygiene/makeup/
/pc/beauty-hygiene/makeup/nails/
/pc/beauty-hygiene/makeup/lips/
/pc/beauty-hygiene/makeup/eyes/
/pc/beauty-hygiene/makeup/face/
/pc/beauty-hygiene/makeup/makeup-accessories/
/pc/beauty-hygiene/makeup/makeup-kits-gift-sets/
/pc/cleaning-household/detergents-dishwash/
/pc/cleaning-household/detergents-dishwash/dishwash-liquids-pastes/
/pc/cleaning-household/detergents-dishwash/detergent-powder-liquid/
/pc/cleaning-household/detergents-dishwash/dishwash-bars-powders/
/pc/cleaning-household/detergents-dishwash/detergent-bars/
/pc/cleaning-household/detergents-dishwash/fabric-pre-post-wash/
/pc/cleaning-household/all-purpose-cleaners/
/pc/cleaning-household/all-purpose-cleaners/toilet-cleaners/
/pc/cleaning-household/all-purpose-cleaners/kitchen-glass-drain/
/pc/cleaning-household/all-purpose-cleaners/floor-other-cleaners/
/pc/cleaning-household/all-purpose-cleaners/metal-furniture-cleaner/
/pc/cleaning-household/all-purpose-cleaners/imported-cleaners/
/pc/cleaning-household/disposables-garbage-bag/
/pc/cleaning-household/disposables-garbage-bag/kitchen-rolls/
/pc/cleaning-household/disposables-garbage-bag/garbage-bags/
/pc/cleaning-household/disposables-garbage-bag/toilet-paper/
/pc/cleaning-household/disposables-garbage-bag/wet-wipe-pocket-tissues/
/pc/cleaning-household/disposables-garbage-bag/aluminium-foil-clingwrap/
/pc/cleaning-household/disposables-garbage-bag/paper-napkin-tissue-box/
/pc/cleaning-household/fresheners-repellents/
/pc/cleaning-household/fresheners-repellents/mosquito-repellent/
/pc/cleaning-household/fresheners-repellents/insect-repellent/
/pc/cleaning-household/fresheners-repellents/air-freshener/
/pc/cleaning-household/mops-brushes-scrubs/
/pc/cleaning-household/mops-brushes-scrubs/utensil-scrub-pad-glove/
/pc/cleaning-household/mops-brushes-scrubs/brooms-dust-pans/
/pc/cleaning-household/mops-brushes-scrubs/dust-cloth-wipes/
/pc/cleaning-household/mops-brushes-scrubs/mops-wipers/
/pc/cleaning-household/mops-brushes-scrubs/toilet-other-brushes/
/pc/cleaning-household/pooja-needs/
/pc/cleaning-household/pooja-needs/camphor-wicks/
/pc/cleaning-household/pooja-needs/agarbatti-incense-sticks/
/pc/cleaning-household/pooja-needs/lamp-lamp-oil/
/pc/cleaning-household/pooja-needs/candles-match-box/
/pc/cleaning-household/pooja-needs/other-pooja-needs/
/pc/cleaning-household/pooja-needs/pooja-thali-bells/
/pc/cleaning-household/stationery/
/pc/cleaning-household/stationery/electronic-accessories/
/pc/cleaning-household/stationery/scissor-glue-tape/
/pc/cleaning-household/stationery/colours-crayons/
/pc/cleaning-household/stationery/pen-pencils/
/pc/cleaning-household/stationery/notebooks-files-folders/
/pc/cleaning-household/stationery/erasers-sharpeners/
/pc/cleaning-household/stationery/exam-pads-pencil-box/
/pc/cleaning-household/stationery/games-calculators/
/pc/cleaning-household/bins-bathroom-ware/
/pc/cleaning-household/bins-bathroom-ware/hangers-clips-rope/
/pc/cleaning-household/bins-bathroom-ware/dustbins/
/pc/cleaning-household/bins-bathroom-ware/buckets-mugs/
/pc/cleaning-household/bins-bathroom-ware/laundry-storage-baskets/
/pc/cleaning-household/bins-bathroom-ware/bath-stool-basin-sets/
/pc/cleaning-household/bins-bathroom-ware/soap-cases-dispensers/
/pc/cleaning-household/bins-bathroom-ware/other-plastic-ware/
/pc/cleaning-household/party-festive-needs/
/pc/cleaning-household/party-festive-needs/gift-wraps-bags/
/pc/cleaning-household/party-festive-needs/disposable-cups-plates/
/pc/cleaning-household/party-festive-needs/caps-balloons-candles/
/pc/cleaning-household/party-festive-needs/rakhi/
/pc/cleaning-household/party-festive-needs/decorations/
/pc/cleaning-household/party-festive-needs/seasonal-accessories/
/pc/cleaning-household/party-festive-needs/holi-colours-pichkari/
/pc/cleaning-household/party-festive-needs/gifts/
/pc/cleaning-household/car-shoe-care/
/pc/cleaning-household/car-shoe-care/shoe-polish/
/pc/cleaning-household/car-shoe-care/shoe-shiners-brushes/
/pc/cleaning-household/car-shoe-care/car-freshener/
/pc/cleaning-household/car-shoe-care/car-polish-cleaners/
/pc/kitchen-garden-pets/appliances-electricals/
/pc/kitchen-garden-pets/appliances-electricals/battery-electrical/
/pc/kitchen-garden-pets/appliances-electricals/cfl-led-bulbs/
/pc/kitchen-garden-pets/pet-food-accessories/
/pc/kitchen-garden-pets/pet-food-accessories/pet-meals-treats/
/pc/kitchen-garden-pets/pet-food-accessories/pet-cleaning-grooming/
/pc/kitchen-garden-pets/pet-food-accessories/pet-feeding-support/
/pc/kitchen-garden-pets/pet-food-accessories/pet-collars-leashes/
/pc/kitchen-garden-pets/pet-food-accessories/pet-toys/
/pc/kitchen-garden-pets/cookware-non-stick/
/pc/kitchen-garden-pets/cookware-non-stick/pressure-cookers/
/pc/kitchen-garden-pets/cookware-non-stick/gas-stove/
/pc/kitchen-garden-pets/cookware-non-stick/tawa-sauce-pan/
/pc/kitchen-garden-pets/cookware-non-stick/kadai-fry-pans/
/pc/kitchen-garden-pets/cookware-non-stick/cook-and-serve/
/pc/kitchen-garden-pets/cookware-non-stick/cookware-sets/
/pc/kitchen-garden-pets/kitchen-accessories/
/pc/kitchen-garden-pets/kitchen-accessories/lighters/
/pc/kitchen-garden-pets/kitchen-accessories/choppers-graters/
/pc/kitchen-garden-pets/kitchen-accessories/knives-peelers/
/pc/kitchen-garden-pets/kitchen-accessories/kitchen-tools-other-accessories/
/pc/kitchen-garden-pets/kitchen-accessories/strainer-ladle-spatula/
/pc/kitchen-garden-pets/gardening/
/pc/kitchen-garden-pets/gardening/fertilizers-pesticides/
/pc/kitchen-garden-pets/gardening/gardening-tools/
/pc/kitchen-garden-pets/gardening/pots-planters-trays/
/pc/kitchen-garden-pets/gardening/seeds-sapling/
/pc/kitchen-garden-pets/steel-utensils/
/pc/kitchen-garden-pets/steel-utensils/steel-storage-containers/
/pc/kitchen-garden-pets/steel-utensils/plates-tumblers/
/pc/kitchen-garden-pets/steel-utensils/copper-utensils/
/pc/kitchen-garden-pets/steel-utensils/bowls-vessels/
/pc/kitchen-garden-pets/steel-utensils/steel-lunch-boxes/
/pc/kitchen-garden-pets/bakeware/
/pc/kitchen-garden-pets/bakeware/bakeware-moulds-cutters/
/pc/kitchen-garden-pets/bakeware/bakeware-accessories/
/pc/kitchen-garden-pets/bakeware/baking-tools-brushes/
/pc/kitchen-garden-pets/crockery-cutlery/
/pc/kitchen-garden-pets/crockery-cutlery/glassware/
/pc/kitchen-garden-pets/crockery-cutlery/cups-mugs-tumblers/
/pc/kitchen-garden-pets/crockery-cutlery/dinner-sets/
/pc/kitchen-garden-pets/crockery-cutlery/plates-bowls/
/pc/kitchen-garden-pets/crockery-cutlery/cutlery-spoon-fork/
/pc/kitchen-garden-pets/storage-accessories/
/pc/kitchen-garden-pets/storage-accessories/containers-sets/
/pc/kitchen-garden-pets/storage-accessories/wall-hooks-hangers/
/pc/kitchen-garden-pets/storage-accessories/water-fridge-bottles/
/pc/kitchen-garden-pets/storage-accessories/racks-holders/
/pc/kitchen-garden-pets/storage-accessories/umbrella/
/pc/kitchen-garden-pets/storage-accessories/lunch-boxes/
/pc/kitchen-garden-pets/storage-accessories/cloth-dryer-iron-table/
/pc/kitchen-garden-pets/flask-casserole/
/pc/kitchen-garden-pets/flask-casserole/vacuum-flask/
/pc/kitchen-garden-pets/flask-casserole/casserole/
/pc/eggs-meat-fish/eggs/
/pc/eggs-meat-fish/eggs/farm-eggs/
/pc/eggs-meat-fish/eggs/country-eggs/
/pc/eggs-meat-fish/eggs/protein-eggs/
/pc/eggs-meat-fish/eggs/organic-eggs/
/pc/eggs-meat-fish/eggs/other-eggs/
/pc/eggs-meat-fish/poultry/
/pc/eggs-meat-fish/poultry/fresh-chicken/
/pc/eggs-meat-fish/poultry/frozen-chicken/
/pc/eggs-meat-fish/poultry/turkey/
/pc/eggs-meat-fish/mutton-lamb/
/pc/eggs-meat-fish/mutton-lamb/fresh-mutton/
/pc/eggs-meat-fish/mutton-lamb/frozen-mutton/
/pc/eggs-meat-fish/sausages-bacon-salami/
/pc/eggs-meat-fish/sausages-bacon-salami/pork-ham/
/pc/eggs-meat-fish/sausages-bacon-salami/chicken-sausages/
/pc/eggs-meat-fish/sausages-bacon-salami/turkey-duck/
/pc/eggs-meat-fish/sausages-bacon-salami/lamb/
/pc/eggs-meat-fish/fish-seafood/
/pc/eggs-meat-fish/fish-seafood/dry-fish/
/pc/eggs-meat-fish/fish-seafood/frozen-fish-seafood/
/pc/eggs-meat-fish/fish-seafood/prawns-shrimps/
/pc/eggs-meat-fish/fish-seafood/fresh-fish/
/pc/eggs-meat-fish/fish-seafood/canned-seafood/
/pc/eggs-meat-fish/fish-seafood/other-seafood/
/pc/eggs-meat-fish/pork-other-meats/
/pc/eggs-meat-fish/pork-other-meats/fresh-frozen-pork/
/pc/eggs-meat-fish/marinades/
/pc/eggs-meat-fish/marinades/marinated-meat/
/pc/gourmet-world-food/oils-vinegar/
/pc/gourmet-world-food/oils-vinegar/extra-virgin-olive-oil/
/pc/gourmet-world-food/oils-vinegar/pure-pomace-olive-oil/
/pc/gourmet-world-food/oils-vinegar/regular-white-vinegar/
/pc/gourmet-world-food/oils-vinegar/canola-rapeseed-oil/
/pc/gourmet-world-food/oils-vinegar/balsamic-cider-vinegar/
/pc/gourmet-world-food/oils-vinegar/organic-cold-press-oil/
/pc/gourmet-world-food/oils-vinegar/flavoured-other-oils/
/pc/gourmet-world-food/oils-vinegar/wine-rice-vinegar/
/pc/gourmet-world-food/snacks-dry-fruits-nuts/
/pc/gourmet-world-food/snacks-dry-fruits-nuts/gourmet-popcorn/
/pc/gourmet-world-food/snacks-dry-fruits-nuts/healthy-baked-snacks/
/pc/gourmet-world-food/snacks-dry-fruits-nuts/dry-fruits-berries/
/pc/gourmet-world-food/snacks-dry-fruits-nuts/nachos-chips/
/pc/gourmet-world-food/snacks-dry-fruits-nuts/roasted-seeds-nuts/
/pc/gourmet-world-food/snacks-dry-fruits-nuts/trail-cocktail-mixes/
/pc/gourmet-world-food/pasta-soup-noodles/
/pc/gourmet-world-food/pasta-soup-noodles/pastas-spaghetti/
/pc/gourmet-world-food/pasta-soup-noodles/imported-noodles/
/pc/gourmet-world-food/pasta-soup-noodles/imported-soups/
/pc/gourmet-world-food/dairy-cheese/
/pc/gourmet-world-food/dairy-cheese/flavoured-greek-yogurt/
/pc/gourmet-world-food/dairy-cheese/tofu/
/pc/gourmet-world-food/dairy-cheese/gourmet-ice-cream/
/pc/gourmet-world-food/dairy-cheese/milk-soya-drinks/
/pc/gourmet-world-food/dairy-cheese/international-cheese/
/pc/gourmet-world-food/dairy-cheese/cream-cheese-spreads/
/pc/gourmet-world-food/dairy-cheese/butter-cream/
/pc/gourmet-world-food/cereals-breakfast/
/pc/gourmet-world-food/cereals-breakfast/muesli-rice-cakes/
/pc/gourmet-world-food/cereals-breakfast/imported-oats-porridge/
/pc/gourmet-world-food/cereals-breakfast/cereal-granola-bars/
/pc/gourmet-world-food/cereals-breakfast/gourmet-flakes/
/pc/gourmet-world-food/sauces-spreads-dips/
/pc/gourmet-world-food/sauces-spreads-dips/chocolate-peanut-spread/
/pc/gourmet-world-food/sauces-spreads-dips/jams-marmalade-spreads/
/pc/gourmet-world-food/sauces-spreads-dips/honey-maple-syrup/
/pc/gourmet-world-food/sauces-spreads-dips/thai-asian-sauces/
/pc/gourmet-world-food/sauces-spreads-dips/mustard-cheese-sauces/
/pc/gourmet-world-food/sauces-spreads-dips/salad-dressings/
/pc/gourmet-world-food/sauces-spreads-dips/hummus-cheese-salsa-dip/
/pc/gourmet-world-food/chocolates-biscuits/
/pc/gourmet-world-food/chocolates-biscuits/crackers-digestive/
/pc/gourmet-world-food/chocolates-biscuits/international-chocolates/
/pc/gourmet-world-food/chocolates-biscuits/luxury-chocolates-gifts/
/pc/gourmet-world-food/chocolates-biscuits/cookies-biscotti-wafer/
/pc/gourmet-world-food/chocolates-biscuits/marshmallow-candy-jelly/
/pc/gourmet-world-food/cooking-baking-needs/
/pc/gourmet-world-food/cooking-baking-needs/cooking-chocolate-cocoa/
/pc/gourmet-world-food/cooking-baking-needs/curry-paste-coconut-milk/
/pc/gourmet-world-food/cooking-baking-needs/exotic-sugar-salt/
/pc/gourmet-world-food/cooking-baking-needs/flours-pre-mixes/
/pc/gourmet-world-food/cooking-baking-needs/quinoa-grains/
/pc/gourmet-world-food/cooking-baking-needs/baking-cake-decorations/
/pc/gourmet-world-food/cooking-baking-needs/herbs-seasonings-rubs/
/pc/gourmet-world-food/cooking-baking-needs/baking-accessories/
/pc/gourmet-world-food/drinks-beverages/
/pc/gourmet-world-food/drinks-beverages/coffee-pre-mix/
/pc/gourmet-world-food/drinks-beverages/health-drinks/
/pc/gourmet-world-food/drinks-beverages/gourmet-tea-tea-bags/
/pc/gourmet-world-food/drinks-beverages/gourmet-juices-drinks/
/pc/gourmet-world-food/drinks-beverages/cocktail-mixes/
/pc/gourmet-world-food/drinks-beverages/aerated-still-sparkling/
/pc/gourmet-world-food/drinks-beverages/non-alcoholic-beer-wine/
/pc/gourmet-world-food/tinned-processed-food/
/pc/gourmet-world-food/tinned-processed-food/fish-tuna/
/pc/gourmet-world-food/tinned-processed-food/beans-pulses/
/pc/gourmet-world-food/tinned-processed-food/olive-jalapeno-gherkin/
/pc/gourmet-world-food/tinned-processed-food/tomatoes-vegetables/
/pc/gourmet-world-food/tinned-processed-food/fruits-pulps/
/pc/baby-care/baby-food-formula/
/pc/baby-care/baby-food-formula/infant-formula/
/pc/baby-care/baby-food-formula/baby-food/
/pc/baby-care/baby-food-formula/organic-baby-food/
/pc/baby-care/baby-bath-hygiene/
/pc/baby-care/baby-bath-hygiene/baby-creams-lotions/
/pc/baby-care/baby-bath-hygiene/baby-oil-shampoo/
/pc/baby-care/baby-bath-hygiene/baby-bath/
/pc/baby-care/baby-bath-hygiene/baby-laundry/
/pc/baby-care/baby-bath-hygiene/baby-powder/
/pc/baby-care/baby-bath-hygiene/baby-oral-care/
/pc/baby-care/baby-bath-hygiene/baby-health/
/pc/baby-care/baby-bath-hygiene/baby-buds/
/pc/baby-care/baby-bath-hygiene/baby-gift-sets/
/pc/baby-care/diapers-wipes/
/pc/baby-care/diapers-wipes/diapers/
/pc/baby-care/diapers-wipes/baby-wipes/
/pc/baby-care/diapers-wipes/nappies-rash-cream/
/pc/baby-care/mothers-maternity/
/pc/baby-care/mothers-maternity/maternity-health-supplements/
/pc/baby-care/mothers-maternity/maternity-personal-care/
/pc/baby-care/feeding-nursing/
/pc/baby-care/feeding-nursing/sippers-bottles/
/pc/baby-care/feeding-nursing/baby-dishes-utensils/
/pc/baby-care/feeding-nursing/bibs-napkins/
/pc/baby-care/feeding-nursing/nursing-tools/
/pc/baby-care/baby-accessories/
/pc/baby-care/baby-accessories/other-baby-accessories/
/pc/baby-care/baby-accessories/soothers-teethers/
/pc/baby-care/baby-accessories/combs-brushes-clippers/
/pc/baby-care/baby-accessories/baby-gear-outdoor/
/pc/baby-care/baby-accessories/baby-toys/
/pc/fruits-vegetables/fresh-vegetables/
/pc/fruits-vegetables/fresh-vegetables/potato-onion-tomato/
/pc/fruits-vegetables/fresh-vegetables/leafy-vegetables/
/pc/fruits-vegetables/fresh-vegetables/root-vegetables/
/pc/fruits-vegetables/fresh-vegetables/cucumber-capsicum/
/pc/fruits-vegetables/fresh-vegetables/cabbage-cauliflower/
/pc/fruits-vegetables/fresh-vegetables/beans-brinjals-okra/
/pc/fruits-vegetables/fresh-vegetables/gourd-pumpkin-drumstick/
/pc/fruits-vegetables/fresh-vegetables/specialty/
/pc/fruits-vegetables/herbs-seasonings/
/pc/fruits-vegetables/herbs-seasonings/lemon-ginger-garlic/
/pc/fruits-vegetables/herbs-seasonings/indian-exotic-herbs/
/pc/fruits-vegetables/fresh-fruits/
/pc/fruits-vegetables/fresh-fruits/mangoes/
/pc/fruits-vegetables/fresh-fruits/banana-sapota-papaya/
/pc/fruits-vegetables/fresh-fruits/kiwi-melon-citrus-fruit/
/pc/fruits-vegetables/fresh-fruits/apples-pomegranate/
/pc/fruits-vegetables/fresh-fruits/seasonal-fruits/
/pc/fruits-vegetables/fresh-fruits/fruit-baskets/
/pc/fruits-vegetables/exotic-fruits-veggies/
/pc/fruits-vegetables/exotic-fruits-veggies/exotic-fruits/
/pc/fruits-vegetables/exotic-fruits-veggies/exotic-vegetables/
/pc/fruits-vegetables/organic-fruits-vegetables/
/pc/fruits-vegetables/organic-fruits-vegetables/organic-vegetables/
/pc/fruits-vegetables/organic-fruits-vegetables/organic-fruits/
/pc/fruits-vegetables/cuts-sprouts/
/pc/fruits-vegetables/cuts-sprouts/cut-fruit-tender-coconut/
/pc/fruits-vegetables/cuts-sprouts/cut-peeled-veggies/
/pc/fruits-vegetables/cuts-sprouts/fresh-salads-sprouts/
/pc/fruits-vegetables/cuts-sprouts/recipe-packs/
/pc/fruits-vegetables/flower-bouquets-bunches/
/pc/fruits-vegetables/flower-bouquets-bunches/marigold/
/pc/fruits-vegetables/flower-bouquets-bunches/other-flowers/
/pc/fruits-vegetables/flower-bouquets-bunches/roses/
/pc/foodgrains-oil-masala/atta-flours-sooji/
/pc/foodgrains-oil-masala/atta-flours-sooji/atta-whole-wheat/
/pc/foodgrains-oil-masala/atta-flours-sooji/sooji-maida-besan/
/pc/foodgrains-oil-masala/atta-flours-sooji/rice-other-flours/
/pc/foodgrains-oil-masala/dals-pulses/
/pc/foodgrains-oil-masala/dals-pulses/toor-channa-moong-dal/
/pc/foodgrains-oil-masala/dals-pulses/cereals-millets/
/pc/foodgrains-oil-masala/dals-pulses/urad-other-dals/
/pc/foodgrains-oil-masala/rice-rice-products/
/pc/foodgrains-oil-masala/rice-rice-products/raw-rice/
/pc/foodgrains-oil-masala/rice-rice-products/poha-sabudana-murmura/
/pc/foodgrains-oil-masala/rice-rice-products/boiled-steam-rice/
/pc/foodgrains-oil-masala/rice-rice-products/basmati-rice/
/pc/foodgrains-oil-masala/organic-staples/
/pc/foodgrains-oil-masala/organic-staples/organic-dry-fruits/
/pc/foodgrains-oil-masala/organic-staples/organic-dals-pulses/
/pc/foodgrains-oil-masala/organic-staples/organic-sugar-jaggery/
/pc/foodgrains-oil-masala/organic-staples/organic-flours/
/pc/foodgrains-oil-masala/organic-staples/organic-rice-other-rice/
/pc/foodgrains-oil-masala/organic-staples/organic-edible-oil-ghee/
/pc/foodgrains-oil-masala/organic-staples/organic-masalas-spices/
/pc/foodgrains-oil-masala/salt-sugar-jaggery/
/pc/foodgrains-oil-masala/salt-sugar-jaggery/sugar-jaggery/
/pc/foodgrains-oil-masala/salt-sugar-jaggery/salts/
/pc/foodgrains-oil-masala/salt-sugar-jaggery/sugarfree-sweeteners/
/pc/foodgrains-oil-masala/edible-oils-ghee/
/pc/foodgrains-oil-masala/edible-oils-ghee/blended-cooking-oils/
/pc/foodgrains-oil-masala/edible-oils-ghee/gingelly-oil/
/pc/foodgrains-oil-masala/edible-oils-ghee/sunflower-rice-bran-oil/
/pc/foodgrains-oil-masala/edible-oils-ghee/ghee-vanaspati/
/pc/foodgrains-oil-masala/edible-oils-ghee/soya-mustard-oils/
/pc/foodgrains-oil-masala/edible-oils-ghee/other-edible-oils/
/pc/foodgrains-oil-masala/edible-oils-ghee/olive-canola-oils/
/pc/foodgrains-oil-masala/edible-oils-ghee/gingelly-groundnut-oils/
/pc/foodgrains-oil-masala/masalas-spices/
/pc/foodgrains-oil-masala/masalas-spices/whole-spices/
/pc/foodgrains-oil-masala/masalas-spices/powdered-spices/
/pc/foodgrains-oil-masala/masalas-spices/cooking-pastes/
/pc/foodgrains-oil-masala/masalas-spices/herbs-seasoning/
/pc/foodgrains-oil-masala/masalas-spices/blended-masalas/
/pc/foodgrains-oil-masala/dry-fruits/
/pc/foodgrains-oil-masala/dry-fruits/almonds/
/pc/foodgrains-oil-masala/dry-fruits/raisins/
/pc/foodgrains-oil-masala/dry-fruits/cashews/
/pc/foodgrains-oil-masala/dry-fruits/other-dry-fruits/
/pc/foodgrains-oil-masala/dry-fruits/mukhwas/
/pc/bakery-cakes-dairy/dairy/
/pc/bakery-cakes-dairy/dairy/milk/
/pc/bakery-cakes-dairy/dairy/curd/
/pc/bakery-cakes-dairy/dairy/paneer-tofu-cream/
/pc/bakery-cakes-dairy/dairy/butter-margarine/
/pc/bakery-cakes-dairy/dairy/condensed-powdered-milk/
/pc/bakery-cakes-dairy/dairy/buttermilk-lassi/
/pc/bakery-cakes-dairy/dairy/cheese/
/pc/bakery-cakes-dairy/dairy/flavoured-soya-milk/
/pc/bakery-cakes-dairy/dairy/yogurt-shrikhand/
/pc/bakery-cakes-dairy/breads-buns/
/pc/bakery-cakes-dairy/breads-buns/brown-wheat-multigrain/
/pc/bakery-cakes-dairy/breads-buns/milk-white-sandwich/
/pc/bakery-cakes-dairy/breads-buns/buns-pavs-pizza-base/
/pc/bakery-cakes-dairy/cookies-rusk-khari/
/pc/bakery-cakes-dairy/cookies-rusk-khari/rusks/
/pc/bakery-cakes-dairy/cookies-rusk-khari/khari-cream-rolls/
/pc/bakery-cakes-dairy/cookies-rusk-khari/bakery-biscuits-cookies/
/pc/bakery-cakes-dairy/cookies-rusk-khari/premium-cookies/
/pc/bakery-cakes-dairy/gourmet-breads/
/pc/bakery-cakes-dairy/gourmet-breads/croissants-bagels/
/pc/bakery-cakes-dairy/gourmet-breads/gourmet-bread/
/pc/bakery-cakes-dairy/gourmet-breads/bagels-baguette/
/pc/bakery-cakes-dairy/gourmet-breads/panini-focaccia-pita/
/pc/bakery-cakes-dairy/ice-creams-desserts/
/pc/bakery-cakes-dairy/ice-creams-desserts/ice-creams/
/pc/bakery-cakes-dairy/bakery-snacks/
/pc/bakery-cakes-dairy/bakery-snacks/cheese-garlic-bread/
/pc/bakery-cakes-dairy/bakery-snacks/bread-sticks-lavash/
/pc/bakery-cakes-dairy/bakery-snacks/puffs-patties-sandwiches/
/pc/bakery-cakes-dairy/cakes-pastries/
/pc/bakery-cakes-dairy/cakes-pastries/tea-cakes-slice-cakes/
/pc/bakery-cakes-dairy/cakes-pastries/muffins-cup-cakes/
/pc/bakery-cakes-dairy/cakes-pastries/pastries-brownies/
/pc/bakery-cakes-dairy/cakes-pastries/birthday-party-cakes/
/pc/bakery-cakes-dairy/cakes-pastries/doughnuts-mousses/
/pc/beverages/energy-soft-drinks/
/pc/beverages/energy-soft-drinks/soda-cocktail-mix/
/pc/beverages/energy-soft-drinks/cold-drinks/
/pc/beverages/energy-soft-drinks/sports-energy-drinks/
/pc/beverages/energy-soft-drinks/non-alcoholic-drinks/
/pc/beverages/water/
/pc/beverages/water/packaged-water/
/pc/beverages/water/spring-water/
/pc/beverages/water/flavoured-water/
/pc/beverages/tea/
/pc/beverages/tea/leaf-dust-tea/
/pc/beverages/tea/green-tea/
/pc/beverages/tea/tea-bags/
/pc/beverages/tea/exotic-flavoured-tea/
/pc/beverages/coffee/
/pc/beverages/coffee/ground-coffee/
/pc/beverages/coffee/instant-coffee/
/pc/beverages/health-drink-supplement/
/pc/beverages/health-drink-supplement/kids-5yrs/
/pc/beverages/health-drink-supplement/children-2-5-yrs/
/pc/beverages/health-drink-supplement/men-women/
/pc/beverages/health-drink-supplement/glucose-powder-tablets/
/pc/beverages/fruit-juices-drinks/
/pc/beverages/fruit-juices-drinks/juices-sweetened/
/pc/beverages/fruit-juices-drinks/unsweetened-cold-press/
/pc/beverages/fruit-juices-drinks/syrups-concentrates/
/pc/snacks-branded-foods/noodle-pasta-vermicelli/
/pc/snacks-branded-foods/noodle-pasta-vermicelli/instant-noodles/
/pc/snacks-branded-foods/noodle-pasta-vermicelli/hakka-noodles/
/pc/snacks-branded-foods/noodle-pasta-vermicelli/instant-pasta/
/pc/snacks-branded-foods/noodle-pasta-vermicelli/vermicelli/
/pc/snacks-branded-foods/noodle-pasta-vermicelli/cup-noodles/
/pc/snacks-branded-foods/noodle-pasta-vermicelli/pasta-macaroni/
/pc/snacks-branded-foods/breakfast-cereals/
/pc/snacks-branded-foods/breakfast-cereals/kids-cereal/
/pc/snacks-branded-foods/breakfast-cereals/oats-porridge/
/pc/snacks-branded-foods/breakfast-cereals/muesli/
/pc/snacks-branded-foods/breakfast-cereals/flakes/
/pc/snacks-branded-foods/breakfast-cereals/granola-cereal-bars/
/pc/snacks-branded-foods/biscuits-cookies/
/pc/snacks-branded-foods/biscuits-cookies/marie-health-digestive/
/pc/snacks-branded-foods/biscuits-cookies/cream-biscuits-wafers/
/pc/snacks-branded-foods/biscuits-cookies/glucose-milk-biscuits/
/pc/snacks-branded-foods/biscuits-cookies/salted-biscuits/
/pc/snacks-branded-foods/biscuits-cookies/cookies/
/pc/snacks-branded-foods/frozen-veggies-snacks/
/pc/snacks-branded-foods/frozen-veggies-snacks/frozen-vegetables/
/pc/snacks-branded-foods/frozen-veggies-snacks/frozen-veg-snacks/
/pc/snacks-branded-foods/frozen-veggies-snacks/frozen-non-veg-snacks/
/pc/snacks-branded-foods/frozen-veggies-snacks/frozen-indian-breads/
/pc/snacks-branded-foods/spreads-sauces-ketchup/
/pc/snacks-branded-foods/spreads-sauces-ketchup/honey/
/pc/snacks-branded-foods/spreads-sauces-ketchup/tomato-ketchup-sauces/
/pc/snacks-branded-foods/spreads-sauces-ketchup/choco-nut-spread/
/pc/snacks-branded-foods/spreads-sauces-ketchup/mayonnaise/
/pc/snacks-branded-foods/spreads-sauces-ketchup/jam-conserve-marmalade/
/pc/snacks-branded-foods/spreads-sauces-ketchup/chilli-soya-sauce/
/pc/snacks-branded-foods/spreads-sauces-ketchup/vinegar/
/pc/snacks-branded-foods/spreads-sauces-ketchup/dips-dressings/
/pc/snacks-branded-foods/snacks-namkeen/
/pc/snacks-branded-foods/snacks-namkeen/chips-corn-snacks/
/pc/snacks-branded-foods/snacks-namkeen/namkeen-savoury-snacks/
/pc/snacks-branded-foods/ready-to-cook-eat/
/pc/snacks-branded-foods/ready-to-cook-eat/breakfast-snack-mixes/
/pc/snacks-branded-foods/ready-to-cook-eat/soups/
/pc/snacks-branded-foods/ready-to-cook-eat/papads-ready-to-fry/
/pc/snacks-branded-foods/ready-to-cook-eat/home-baking/
/pc/snacks-branded-foods/ready-to-cook-eat/dessert-mixes/
/pc/snacks-branded-foods/ready-to-cook-eat/heat-eat-ready-meals/
/pc/snacks-branded-foods/ready-to-cook-eat/canned-food/
/pc/snacks-branded-foods/chocolates-candies/
/pc/snacks-branded-foods/chocolates-candies/chocolates/
/pc/snacks-branded-foods/chocolates-candies/toffee-candy-lollypop/
/pc/snacks-branded-foods/chocolates-candies/mints-chewing-gum/
/pc/snacks-branded-foods/chocolates-candies/gift-boxes/
/pc/snacks-branded-foods/pickles-chutney/
/pc/snacks-branded-foods/pickles-chutney/lime-mango-pickle/
/pc/snacks-branded-foods/pickles-chutney/other-veg-pickle/
/pc/snacks-branded-foods/pickles-chutney/chutney-powder/
/pc/snacks-branded-foods/pickles-chutney/non-veg-pickle/
/pc/snacks-branded-foods/indian-mithai/
/pc/snacks-branded-foods/indian-mithai/chikki-gajjak/
/pc/snacks-branded-foods/indian-mithai/tinned-packed-sweets/
/pc/snacks-branded-foods/indian-mithai/fresh-sweets/
/pc/beauty-hygiene/feminine-hygiene/
/pc/beauty-hygiene/feminine-hygiene/sanitary-napkins/
/pc/beauty-hygiene/feminine-hygiene/panty-liners/
/pc/beauty-hygiene/feminine-hygiene/hair-removal/
/pc/beauty-hygiene/feminine-hygiene/intimate-wash-care/
/pc/beauty-hygiene/feminine-hygiene/tampons-menstrual-cups/
/pc/beauty-hygiene/oral-care/
/pc/beauty-hygiene/oral-care/mouthwash/
/pc/beauty-hygiene/oral-care/toothpaste/
/pc/beauty-hygiene/oral-care/toothbrush/
/pc/beauty-hygiene/oral-care/floss-tongue-cleaner/
/pc/beauty-hygiene/bath-hand-wash/
/pc/beauty-hygiene/bath-hand-wash/hand-wash-sanitizers/
/pc/beauty-hygiene/bath-hand-wash/bathing-bars-soaps/
/pc/beauty-hygiene/bath-hand-wash/shower-gel-body-wash/
/pc/beauty-hygiene/bath-hand-wash/talcum-powder/
/pc/beauty-hygiene/bath-hand-wash/bathing-accessories/
/pc/beauty-hygiene/bath-hand-wash/bath-salts-oils/
/pc/beauty-hygiene/bath-hand-wash/body-scrubs-exfoliants/
/pc/beauty-hygiene/health-medicine/
/pc/beauty-hygiene/health-medicine/antiseptics-bandages/
/pc/beauty-hygiene/health-medicine/everyday-medicine/
/pc/beauty-hygiene/health-medicine/cotton-ear-buds/
/pc/beauty-hygiene/health-medicine/slimming-products/
/pc/beauty-hygiene/health-medicine/sexual-wellness/
/pc/beauty-hygiene/health-medicine/supplements-proteins/
/pc/beauty-hygiene/health-medicine/adult-diapers/
/pc/beauty-hygiene/health-medicine/ayurveda/
/pc/beauty-hygiene/hair-care/
/pc/beauty-hygiene/hair-care/hair-oil-serum/
/pc/beauty-hygiene/hair-care/shampoo-conditioner/
/pc/beauty-hygiene/hair-care/hair-color/
/pc/beauty-hygiene/hair-care/hair-scalp-treatment/
/pc/beauty-hygiene/hair-care/hair-styling/
/pc/beauty-hygiene/hair-care/dry-shampoo-conditioner/
/pc/beauty-hygiene/hair-care/tools-accessories/
/pc/beauty-hygiene/mens-grooming/
/pc/beauty-hygiene/mens-grooming/shaving-care/
/pc/beauty-hygiene/mens-grooming/bath-shower/
/pc/beauty-hygiene/mens-grooming/face-body/
/pc/beauty-hygiene/mens-grooming/talc/
/pc/beauty-hygiene/mens-grooming/hair-care-styling/
/pc/beauty-hygiene/mens-grooming/moustache-beard-care/
/pc/beauty-hygiene/mens-grooming/combos-gift-sets/
/pc/beauty-hygiene/skin-care/
/pc/beauty-hygiene/skin-care/body-care/
/pc/beauty-hygiene/skin-care/face-care/
/pc/beauty-hygiene/skin-care/lip-care/
/pc/beauty-hygiene/skin-care/eye-care/
/pc/beauty-hygiene/skin-care/aromatherapy/
/pc/beauty-hygiene/fragrances-deos/
/pc/beauty-hygiene/fragrances-deos/womens-deodorants/
/pc/beauty-hygiene/fragrances-deos/mens-deodorants/
/pc/beauty-hygiene/fragrances-deos/perfume/
/pc/beauty-hygiene/fragrances-deos/body-sprays-mists/
/pc/beauty-hygiene/fragrances-deos/eau-de-parfum/
/pc/beauty-hygiene/fragrances-deos/eau-de-toilette/
/pc/beauty-hygiene/fragrances-deos/attar/
/pc/beauty-hygiene/fragrances-deos/gift-sets/
/pc/beauty-hygiene/fragrances-deos/eau-de-cologne/
/pc/beauty-hygiene/makeup/
/pc/beauty-hygiene/makeup/nails/
/pc/beauty-hygiene/makeup/lips/
/pc/beauty-hygiene/makeup/eyes/
/pc/beauty-hygiene/makeup/face/
/pc/beauty-hygiene/makeup/makeup-accessories/
/pc/beauty-hygiene/makeup/makeup-kits-gift-sets/
/pc/cleaning-household/detergents-dishwash/
/pc/cleaning-household/detergents-dishwash/dishwash-liquids-pastes/
/pc/cleaning-household/detergents-dishwash/detergent-powder-liquid/
/pc/cleaning-household/detergents-dishwash/dishwash-bars-powders/
/pc/cleaning-household/detergents-dishwash/detergent-bars/
/pc/cleaning-household/detergents-dishwash/fabric-pre-post-wash/
/pc/cleaning-household/all-purpose-cleaners/
/pc/cleaning-household/all-purpose-cleaners/toilet-cleaners/
/pc/cleaning-household/all-purpose-cleaners/kitchen-glass-drain/
/pc/cleaning-household/all-purpose-cleaners/floor-other-cleaners/
/pc/cleaning-household/all-purpose-cleaners/metal-furniture-cleaner/
/pc/cleaning-household/all-purpose-cleaners/imported-cleaners/
/pc/cleaning-household/disposables-garbage-bag/
/pc/cleaning-household/disposables-garbage-bag/kitchen-rolls/
/pc/cleaning-household/disposables-garbage-bag/garbage-bags/
/pc/cleaning-household/disposables-garbage-bag/toilet-paper/
/pc/cleaning-household/disposables-garbage-bag/wet-wipe-pocket-tissues/
/pc/cleaning-household/disposables-garbage-bag/aluminium-foil-clingwrap/
/pc/cleaning-household/disposables-garbage-bag/paper-napkin-tissue-box/
/pc/cleaning-household/fresheners-repellents/
/pc/cleaning-household/fresheners-repellents/mosquito-repellent/
/pc/cleaning-household/fresheners-repellents/insect-repellent/
/pc/cleaning-household/fresheners-repellents/air-freshener/
/pc/cleaning-household/mops-brushes-scrubs/
/pc/cleaning-household/mops-brushes-scrubs/utensil-scrub-pad-glove/
/pc/cleaning-household/mops-brushes-scrubs/brooms-dust-pans/
/pc/cleaning-household/mops-brushes-scrubs/dust-cloth-wipes/
/pc/cleaning-household/mops-brushes-scrubs/mops-wipers/
/pc/cleaning-household/mops-brushes-scrubs/toilet-other-brushes/
/pc/cleaning-household/pooja-needs/
/pc/cleaning-household/pooja-needs/camphor-wicks/
/pc/cleaning-household/pooja-needs/agarbatti-incense-sticks/
/pc/cleaning-household/pooja-needs/lamp-lamp-oil/
/pc/cleaning-household/pooja-needs/candles-match-box/
/pc/cleaning-household/pooja-needs/other-pooja-needs/
/pc/cleaning-household/pooja-needs/pooja-thali-bells/
/pc/cleaning-household/stationery/
/pc/cleaning-household/stationery/electronic-accessories/
/pc/cleaning-household/stationery/scissor-glue-tape/
/pc/cleaning-household/stationery/colours-crayons/
/pc/cleaning-household/stationery/pen-pencils/
/pc/cleaning-household/stationery/notebooks-files-folders/
/pc/cleaning-household/stationery/erasers-sharpeners/
/pc/cleaning-household/stationery/exam-pads-pencil-box/
/pc/cleaning-household/stationery/games-calculators/
/pc/cleaning-household/bins-bathroom-ware/
/pc/cleaning-household/bins-bathroom-ware/hangers-clips-rope/
/pc/cleaning-household/bins-bathroom-ware/dustbins/
/pc/cleaning-household/bins-bathroom-ware/buckets-mugs/
/pc/cleaning-household/bins-bathroom-ware/laundry-storage-baskets/
/pc/cleaning-household/bins-bathroom-ware/bath-stool-basin-sets/
/pc/cleaning-household/bins-bathroom-ware/soap-cases-dispensers/
/pc/cleaning-household/bins-bathroom-ware/other-plastic-ware/
/pc/cleaning-household/party-festive-needs/
/pc/cleaning-household/party-festive-needs/gift-wraps-bags/
/pc/cleaning-household/party-festive-needs/disposable-cups-plates/
/pc/cleaning-household/party-festive-needs/caps-balloons-candles/
/pc/cleaning-household/party-festive-needs/rakhi/
/pc/cleaning-household/party-festive-needs/decorations/
/pc/cleaning-household/party-festive-needs/seasonal-accessories/
/pc/cleaning-household/party-festive-needs/holi-colours-pichkari/
/pc/cleaning-household/party-festive-needs/gifts/
/pc/cleaning-household/car-shoe-care/
/pc/cleaning-household/car-shoe-care/shoe-polish/
/pc/cleaning-household/car-shoe-care/shoe-shiners-brushes/
/pc/cleaning-household/car-shoe-care/car-freshener/
/pc/cleaning-household/car-shoe-care/car-polish-cleaners/
/pc/kitchen-garden-pets/appliances-electricals/
/pc/kitchen-garden-pets/appliances-electricals/battery-electrical/
/pc/kitchen-garden-pets/appliances-electricals/cfl-led-bulbs/
/pc/kitchen-garden-pets/pet-food-accessories/
/pc/kitchen-garden-pets/pet-food-accessories/pet-meals-treats/
/pc/kitchen-garden-pets/pet-food-accessories/pet-cleaning-grooming/
/pc/kitchen-garden-pets/pet-food-accessories/pet-feeding-support/
/pc/kitchen-garden-pets/pet-food-accessories/pet-collars-leashes/
/pc/kitchen-garden-pets/pet-food-accessories/pet-toys/
/pc/kitchen-garden-pets/cookware-non-stick/
/pc/kitchen-garden-pets/cookware-non-stick/pressure-cookers/
/pc/kitchen-garden-pets/cookware-non-stick/gas-stove/
/pc/kitchen-garden-pets/cookware-non-stick/tawa-sauce-pan/
/pc/kitchen-garden-pets/cookware-non-stick/kadai-fry-pans/
/pc/kitchen-garden-pets/cookware-non-stick/cook-and-serve/
/pc/kitchen-garden-pets/cookware-non-stick/cookware-sets/
/pc/kitchen-garden-pets/kitchen-accessories/
/pc/kitchen-garden-pets/kitchen-accessories/lighters/
/pc/kitchen-garden-pets/kitchen-accessories/choppers-graters/
/pc/kitchen-garden-pets/kitchen-accessories/knives-peelers/
/pc/kitchen-garden-pets/kitchen-accessories/kitchen-tools-other-accessories/
/pc/kitchen-garden-pets/kitchen-accessories/strainer-ladle-spatula/
/pc/kitchen-garden-pets/gardening/
/pc/kitchen-garden-pets/gardening/fertilizers-pesticides/
/pc/kitchen-garden-pets/gardening/gardening-tools/
/pc/kitchen-garden-pets/gardening/pots-planters-trays/
/pc/kitchen-garden-pets/gardening/seeds-sapling/
/pc/kitchen-garden-pets/steel-utensils/
/pc/kitchen-garden-pets/steel-utensils/steel-storage-containers/
/pc/kitchen-garden-pets/steel-utensils/plates-tumblers/
/pc/kitchen-garden-pets/steel-utensils/copper-utensils/
/pc/kitchen-garden-pets/steel-utensils/bowls-vessels/
/pc/kitchen-garden-pets/steel-utensils/steel-lunch-boxes/
/pc/kitchen-garden-pets/bakeware/
/pc/kitchen-garden-pets/bakeware/bakeware-moulds-cutters/
/pc/kitchen-garden-pets/bakeware/bakeware-accessories/
/pc/kitchen-garden-pets/bakeware/baking-tools-brushes/
/pc/kitchen-garden-pets/crockery-cutlery/
/pc/kitchen-garden-pets/crockery-cutlery/glassware/
/pc/kitchen-garden-pets/crockery-cutlery/cups-mugs-tumblers/
/pc/kitchen-garden-pets/crockery-cutlery/dinner-sets/
/pc/kitchen-garden-pets/crockery-cutlery/plates-bowls/
/pc/kitchen-garden-pets/crockery-cutlery/cutlery-spoon-fork/
/pc/kitchen-garden-pets/storage-accessories/
/pc/kitchen-garden-pets/storage-accessories/containers-sets/
/pc/kitchen-garden-pets/storage-accessories/wall-hooks-hangers/
/pc/kitchen-garden-pets/storage-accessories/water-fridge-bottles/
/pc/kitchen-garden-pets/storage-accessories/racks-holders/
/pc/kitchen-garden-pets/storage-accessories/umbrella/
/pc/kitchen-garden-pets/storage-accessories/lunch-boxes/
/pc/kitchen-garden-pets/storage-accessories/cloth-dryer-iron-table/
/pc/kitchen-garden-pets/flask-casserole/
/pc/kitchen-garden-pets/flask-casserole/vacuum-flask/
/pc/kitchen-garden-pets/flask-casserole/casserole/
/pc/eggs-meat-fish/eggs/
/pc/eggs-meat-fish/eggs/farm-eggs/
/pc/eggs-meat-fish/eggs/country-eggs/
/pc/eggs-meat-fish/eggs/protein-eggs/
/pc/eggs-meat-fish/eggs/organic-eggs/
/pc/eggs-meat-fish/eggs/other-eggs/
/pc/eggs-meat-fish/poultry/
/pc/eggs-meat-fish/poultry/fresh-chicken/
/pc/eggs-meat-fish/poultry/frozen-chicken/
/pc/eggs-meat-fish/poultry/turkey/
/pc/eggs-meat-fish/mutton-lamb/
/pc/eggs-meat-fish/mutton-lamb/fresh-mutton/
/pc/eggs-meat-fish/mutton-lamb/frozen-mutton/
/pc/eggs-meat-fish/sausages-bacon-salami/
/pc/eggs-meat-fish/sausages-bacon-salami/pork-ham/
/pc/eggs-meat-fish/sausages-bacon-salami/chicken-sausages/
/pc/eggs-meat-fish/sausages-bacon-salami/turkey-duck/
/pc/eggs-meat-fish/sausages-bacon-salami/lamb/
/pc/eggs-meat-fish/fish-seafood/
/pc/eggs-meat-fish/fish-seafood/dry-fish/
/pc/eggs-meat-fish/fish-seafood/frozen-fish-seafood/
/pc/eggs-meat-fish/fish-seafood/prawns-shrimps/
/pc/eggs-meat-fish/fish-seafood/fresh-fish/
/pc/eggs-meat-fish/fish-seafood/canned-seafood/
/pc/eggs-meat-fish/fish-seafood/other-seafood/
/pc/eggs-meat-fish/pork-other-meats/
/pc/eggs-meat-fish/pork-other-meats/fresh-frozen-pork/
/pc/eggs-meat-fish/marinades/
/pc/eggs-meat-fish/marinades/marinated-meat/
/pc/gourmet-world-food/oils-vinegar/
/pc/gourmet-world-food/oils-vinegar/extra-virgin-olive-oil/
/pc/gourmet-world-food/oils-vinegar/pure-pomace-olive-oil/
/pc/gourmet-world-food/oils-vinegar/regular-white-vinegar/
/pc/gourmet-world-food/oils-vinegar/canola-rapeseed-oil/
/pc/gourmet-world-food/oils-vinegar/balsamic-cider-vinegar/
/pc/gourmet-world-food/oils-vinegar/organic-cold-press-oil/
/pc/gourmet-world-food/oils-vinegar/flavoured-other-oils/
/pc/gourmet-world-food/oils-vinegar/wine-rice-vinegar/
/pc/gourmet-world-food/snacks-dry-fruits-nuts/
/pc/gourmet-world-food/snacks-dry-fruits-nuts/gourmet-popcorn/
/pc/gourmet-world-food/snacks-dry-fruits-nuts/healthy-baked-snacks/
/pc/gourmet-world-food/snacks-dry-fruits-nuts/dry-fruits-berries/
/pc/gourmet-world-food/snacks-dry-fruits-nuts/nachos-chips/
/pc/gourmet-world-food/snacks-dry-fruits-nuts/roasted-seeds-nuts/
/pc/gourmet-world-food/snacks-dry-fruits-nuts/trail-cocktail-mixes/
/pc/gourmet-world-food/pasta-soup-noodles/
/pc/gourmet-world-food/pasta-soup-noodles/pastas-spaghetti/
/pc/gourmet-world-food/pasta-soup-noodles/imported-noodles/
/pc/gourmet-world-food/pasta-soup-noodles/imported-soups/
/pc/gourmet-world-food/dairy-cheese/
/pc/gourmet-world-food/dairy-cheese/flavoured-greek-yogurt/
/pc/gourmet-world-food/dairy-cheese/tofu/
/pc/gourmet-world-food/dairy-cheese/gourmet-ice-cream/
/pc/gourmet-world-food/dairy-cheese/milk-soya-drinks/
/pc/gourmet-world-food/dairy-cheese/international-cheese/
/pc/gourmet-world-food/dairy-cheese/cream-cheese-spreads/
/pc/gourmet-world-food/dairy-cheese/butter-cream/
/pc/gourmet-world-food/cereals-breakfast/
/pc/gourmet-world-food/cereals-breakfast/muesli-rice-cakes/
/pc/gourmet-world-food/cereals-breakfast/imported-oats-porridge/
/pc/gourmet-world-food/cereals-breakfast/cereal-granola-bars/
/pc/gourmet-world-food/cereals-breakfast/gourmet-flakes/
/pc/gourmet-world-food/sauces-spreads-dips/
/pc/gourmet-world-food/sauces-spreads-dips/chocolate-peanut-spread/
/pc/gourmet-world-food/sauces-spreads-dips/jams-marmalade-spreads/
/pc/gourmet-world-food/sauces-spreads-dips/honey-maple-syrup/
/pc/gourmet-world-food/sauces-spreads-dips/thai-asian-sauces/
/pc/gourmet-world-food/sauces-spreads-dips/mustard-cheese-sauces/
/pc/gourmet-world-food/sauces-spreads-dips/salad-dressings/
/pc/gourmet-world-food/sauces-spreads-dips/hummus-cheese-salsa-dip/
/pc/gourmet-world-food/chocolates-biscuits/
/pc/gourmet-world-food/chocolates-biscuits/crackers-digestive/
/pc/gourmet-world-food/chocolates-biscuits/international-chocolates/
/pc/gourmet-world-food/chocolates-biscuits/luxury-chocolates-gifts/
/pc/gourmet-world-food/chocolates-biscuits/cookies-biscotti-wafer/
/pc/gourmet-world-food/chocolates-biscuits/marshmallow-candy-jelly/
/pc/gourmet-world-food/cooking-baking-needs/
/pc/gourmet-world-food/cooking-baking-needs/cooking-chocolate-cocoa/
/pc/gourmet-world-food/cooking-baking-needs/curry-paste-coconut-milk/
/pc/gourmet-world-food/cooking-baking-needs/exotic-sugar-salt/
/pc/gourmet-world-food/cooking-baking-needs/flours-pre-mixes/
/pc/gourmet-world-food/cooking-baking-needs/quinoa-grains/
/pc/gourmet-world-food/cooking-baking-needs/baking-cake-decorations/
/pc/gourmet-world-food/cooking-baking-needs/herbs-seasonings-rubs/
/pc/gourmet-world-food/cooking-baking-needs/baking-accessories/
/pc/gourmet-world-food/drinks-beverages/
/pc/gourmet-world-food/drinks-beverages/coffee-pre-mix/
/pc/gourmet-world-food/drinks-beverages/health-drinks/
/pc/gourmet-world-food/drinks-beverages/gourmet-tea-tea-bags/
/pc/gourmet-world-food/drinks-beverages/gourmet-juices-drinks/
/pc/gourmet-world-food/drinks-beverages/cocktail-mixes/
/pc/gourmet-world-food/drinks-beverages/aerated-still-sparkling/
/pc/gourmet-world-food/drinks-beverages/non-alcoholic-beer-wine/
/pc/gourmet-world-food/tinned-processed-food/
/pc/gourmet-world-food/tinned-processed-food/fish-tuna/
/pc/gourmet-world-food/tinned-processed-food/beans-pulses/
/pc/gourmet-world-food/tinned-processed-food/olive-jalapeno-gherkin/
/pc/gourmet-world-food/tinned-processed-food/tomatoes-vegetables/
/pc/gourmet-world-food/tinned-processed-food/fruits-pulps/
/pc/baby-care/baby-food-formula/
/pc/baby-care/baby-food-formula/infant-formula/
/pc/baby-care/baby-food-formula/baby-food/
/pc/baby-care/baby-food-formula/organic-baby-food/
/pc/baby-care/baby-bath-hygiene/
/pc/baby-care/baby-bath-hygiene/baby-creams-lotions/
/pc/baby-care/baby-bath-hygiene/baby-oil-shampoo/
/pc/baby-care/baby-bath-hygiene/baby-bath/
/pc/baby-care/baby-bath-hygiene/baby-laundry/
/pc/baby-care/baby-bath-hygiene/baby-powder/
/pc/baby-care/baby-bath-hygiene/baby-oral-care/
/pc/baby-care/baby-bath-hygiene/baby-health/
/pc/baby-care/baby-bath-hygiene/baby-buds/
/pc/baby-care/baby-bath-hygiene/baby-gift-sets/
/pc/baby-care/diapers-wipes/
/pc/baby-care/diapers-wipes/diapers/
/pc/baby-care/diapers-wipes/baby-wipes/
/pc/baby-care/diapers-wipes/nappies-rash-cream/
/pc/baby-care/mothers-maternity/
/pc/baby-care/mothers-maternity/maternity-health-supplements/
/pc/baby-care/mothers-maternity/maternity-personal-care/
/pc/baby-care/feeding-nursing/
/pc/baby-care/feeding-nursing/sippers-bottles/
/pc/baby-care/feeding-nursing/baby-dishes-utensils/
/pc/baby-care/feeding-nursing/bibs-napkins/
/pc/baby-care/feeding-nursing/nursing-tools/
/pc/baby-care/baby-accessories/
/pc/baby-care/baby-accessories/other-baby-accessories/
/pc/baby-care/baby-accessories/soothers-teethers/
/pc/baby-care/baby-accessories/combs-brushes-clippers/
/pc/baby-care/baby-accessories/baby-gear-outdoor/
/pc/baby-care/baby-accessories/baby-toys/
/pc/fruits-vegetables/fresh-vegetables/?nc=cs
/pc/fruits-vegetables/herbs-seasonings/?nc=cs
/pc/fruits-vegetables/fresh-fruits/?nc=cs
/pc/fruits-vegetables/exotic-fruits-veggies/?nc=cs
/pc/fruits-vegetables/organic-fruits-vegetables/?nc=cs
/pc/fruits-vegetables/cuts-sprouts/?nc=cs
/pc/fruits-vegetables/flower-bouquets-bunches/?nc=cs
/pc/fruits-vegetables/fresh-vegetables/?nc=cs
/pc/fruits-vegetables/fresh-vegetables/potato-onion-tomato/?nc=cs
/pc/fruits-vegetables/fresh-vegetables/leafy-vegetables/?nc=cs
/pc/fruits-vegetables/fresh-vegetables/root-vegetables/?nc=cs
/pc/fruits-vegetables/fresh-vegetables/cucumber-capsicum/?nc=cs
/pc/fruits-vegetables/fresh-vegetables/cabbage-cauliflower/?nc=cs
/pc/fruits-vegetables/fresh-vegetables/beans-brinjals-okra/?nc=cs
/pc/fruits-vegetables/fresh-vegetables/gourd-pumpkin-drumstick/?nc=cs
/pc/fruits-vegetables/fresh-vegetables/specialty/?nc=cs
/pc/fruits-vegetables/herbs-seasonings/?nc=cs
/pc/fruits-vegetables/herbs-seasonings/lemon-ginger-garlic/?nc=cs
/pc/fruits-vegetables/herbs-seasonings/indian-exotic-herbs/?nc=cs
/pc/fruits-vegetables/fresh-fruits/?nc=cs
/pc/fruits-vegetables/fresh-fruits/mangoes/?nc=cs
/pc/fruits-vegetables/fresh-fruits/banana-sapota-papaya/?nc=cs
/pc/fruits-vegetables/fresh-fruits/kiwi-melon-citrus-fruit/?nc=cs
/pc/fruits-vegetables/fresh-fruits/apples-pomegranate/?nc=cs
/pc/fruits-vegetables/fresh-fruits/seasonal-fruits/?nc=cs
/pc/fruits-vegetables/fresh-fruits/fruit-baskets/?nc=cs
/pc/fruits-vegetables/exotic-fruits-veggies/?nc=cs
/pc/fruits-vegetables/exotic-fruits-veggies/exotic-fruits/?nc=cs
/pc/fruits-vegetables/exotic-fruits-veggies/exotic-vegetables/?nc=cs
/pc/fruits-vegetables/organic-fruits-vegetables/?nc=cs
/pc/fruits-vegetables/organic-fruits-vegetables/organic-vegetables/?nc=cs
/pc/fruits-vegetables/organic-fruits-vegetables/organic-fruits/?nc=cs
/pc/fruits-vegetables/cuts-sprouts/?nc=cs
/pc/fruits-vegetables/cuts-sprouts/cut-fruit-tender-coconut/?nc=cs
/pc/fruits-vegetables/cuts-sprouts/cut-peeled-veggies/?nc=cs
/pc/fruits-vegetables/cuts-sprouts/fresh-salads-sprouts/?nc=cs
/pc/fruits-vegetables/cuts-sprouts/recipe-packs/?nc=cs
/pc/fruits-vegetables/flower-bouquets-bunches/?nc=cs
/pc/fruits-vegetables/flower-bouquets-bunches/marigold/?nc=cs
/pc/fruits-vegetables/flower-bouquets-bunches/other-flowers/?nc=cs
/pc/fruits-vegetables/flower-bouquets-bunches/roses/?nc=cs
/pc/foodgrains-oil-masala/atta-flours-sooji/?nc=cs
/pc/foodgrains-oil-masala/dals-pulses/?nc=cs
/pc/foodgrains-oil-masala/rice-rice-products/?nc=cs
/pc/foodgrains-oil-masala/organic-staples/?nc=cs
/pc/foodgrains-oil-masala/salt-sugar-jaggery/?nc=cs
/pc/foodgrains-oil-masala/edible-oils-ghee/?nc=cs
/pc/foodgrains-oil-masala/masalas-spices/?nc=cs
/pc/foodgrains-oil-masala/dry-fruits/?nc=cs
/pc/foodgrains-oil-masala/atta-flours-sooji/?nc=cs
/pc/foodgrains-oil-masala/atta-flours-sooji/atta-whole-wheat/?nc=cs
/pc/foodgrains-oil-masala/atta-flours-sooji/sooji-maida-besan/?nc=cs
/pc/foodgrains-oil-masala/atta-flours-sooji/rice-other-flours/?nc=cs
/pc/foodgrains-oil-masala/dals-pulses/?nc=cs
/pc/foodgrains-oil-masala/dals-pulses/toor-channa-moong-dal/?nc=cs
/pc/foodgrains-oil-masala/dals-pulses/cereals-millets/?nc=cs
/pc/foodgrains-oil-masala/dals-pulses/urad-other-dals/?nc=cs
/pc/foodgrains-oil-masala/rice-rice-products/?nc=cs
/pc/foodgrains-oil-masala/rice-rice-products/raw-rice/?nc=cs
/pc/foodgrains-oil-masala/rice-rice-products/poha-sabudana-murmura/?nc=cs
/pc/foodgrains-oil-masala/rice-rice-products/boiled-steam-rice/?nc=cs
/pc/foodgrains-oil-masala/rice-rice-products/basmati-rice/?nc=cs
/pc/foodgrains-oil-masala/organic-staples/?nc=cs
/pc/foodgrains-oil-masala/organic-staples/organic-dry-fruits/?nc=cs
/pc/foodgrains-oil-masala/organic-staples/organic-dals-pulses/?nc=cs
/pc/foodgrains-oil-masala/organic-staples/organic-sugar-jaggery/?nc=cs
/pc/foodgrains-oil-masala/organic-staples/organic-flours/?nc=cs
/pc/foodgrains-oil-masala/organic-staples/organic-rice-other-rice/?nc=cs
/pc/foodgrains-oil-masala/organic-staples/organic-edible-oil-ghee/?nc=cs
/pc/foodgrains-oil-masala/organic-staples/organic-masalas-spices/?nc=cs
/pc/foodgrains-oil-masala/salt-sugar-jaggery/?nc=cs
/pc/foodgrains-oil-masala/salt-sugar-jaggery/sugar-jaggery/?nc=cs
/pc/foodgrains-oil-masala/salt-sugar-jaggery/salts/?nc=cs
/pc/foodgrains-oil-masala/salt-sugar-jaggery/sugarfree-sweeteners/?nc=cs
/pc/foodgrains-oil-masala/edible-oils-ghee/?nc=cs
/pc/foodgrains-oil-masala/edible-oils-ghee/blended-cooking-oils/?nc=cs
/pc/foodgrains-oil-masala/edible-oils-ghee/gingelly-oil/?nc=cs
/pc/foodgrains-oil-masala/edible-oils-ghee/sunflower-rice-bran-oil/?nc=cs
/pc/foodgrains-oil-masala/edible-oils-ghee/ghee-vanaspati/?nc=cs
/pc/foodgrains-oil-masala/edible-oils-ghee/soya-mustard-oils/?nc=cs
/pc/foodgrains-oil-masala/edible-oils-ghee/other-edible-oils/?nc=cs
/pc/foodgrains-oil-masala/edible-oils-ghee/olive-canola-oils/?nc=cs
/pc/foodgrains-oil-masala/edible-oils-ghee/gingelly-groundnut-oils/?nc=cs
/pc/foodgrains-oil-masala/masalas-spices/?nc=cs
/pc/foodgrains-oil-masala/masalas-spices/whole-spices/?nc=cs
/pc/foodgrains-oil-masala/masalas-spices/powdered-spices/?nc=cs
/pc/foodgrains-oil-masala/masalas-spices/cooking-pastes/?nc=cs
/pc/foodgrains-oil-masala/masalas-spices/herbs-seasoning/?nc=cs
/pc/foodgrains-oil-masala/masalas-spices/blended-masalas/?nc=cs
/pc/foodgrains-oil-masala/dry-fruits/?nc=cs
/pc/foodgrains-oil-masala/dry-fruits/almonds/?nc=cs
/pc/foodgrains-oil-masala/dry-fruits/raisins/?nc=cs
/pc/foodgrains-oil-masala/dry-fruits/cashews/?nc=cs
/pc/foodgrains-oil-masala/dry-fruits/other-dry-fruits/?nc=cs
/pc/foodgrains-oil-masala/dry-fruits/mukhwas/?nc=cs
/pc/bakery-cakes-dairy/dairy/?nc=cs
/pc/bakery-cakes-dairy/breads-buns/?nc=cs
/pc/bakery-cakes-dairy/cookies-rusk-khari/?nc=cs
/pc/bakery-cakes-dairy/gourmet-breads/?nc=cs
/pc/bakery-cakes-dairy/ice-creams-desserts/?nc=cs
/pc/bakery-cakes-dairy/bakery-snacks/?nc=cs
/pc/bakery-cakes-dairy/cakes-pastries/?nc=cs
/pc/bakery-cakes-dairy/dairy/?nc=cs
/pc/bakery-cakes-dairy/dairy/milk/?nc=cs
/pc/bakery-cakes-dairy/dairy/curd/?nc=cs
/pc/bakery-cakes-dairy/dairy/paneer-tofu-cream/?nc=cs
/pc/bakery-cakes-dairy/dairy/butter-margarine/?nc=cs
/pc/bakery-cakes-dairy/dairy/condensed-powdered-milk/?nc=cs
/pc/bakery-cakes-dairy/dairy/buttermilk-lassi/?nc=cs
/pc/bakery-cakes-dairy/dairy/cheese/?nc=cs
/pc/bakery-cakes-dairy/dairy/flavoured-soya-milk/?nc=cs
/pc/bakery-cakes-dairy/dairy/yogurt-shrikhand/?nc=cs
/pc/bakery-cakes-dairy/breads-buns/?nc=cs
/pc/bakery-cakes-dairy/breads-buns/brown-wheat-multigrain/?nc=cs
/pc/bakery-cakes-dairy/breads-buns/milk-white-sandwich/?nc=cs
/pc/bakery-cakes-dairy/breads-buns/buns-pavs-pizza-base/?nc=cs
/pc/bakery-cakes-dairy/cookies-rusk-khari/?nc=cs
/pc/bakery-cakes-dairy/cookies-rusk-khari/rusks/?nc=cs
/pc/bakery-cakes-dairy/cookies-rusk-khari/khari-cream-rolls/?nc=cs
/pc/bakery-cakes-dairy/cookies-rusk-khari/bakery-biscuits-cookies/?nc=cs
/pc/bakery-cakes-dairy/cookies-rusk-khari/premium-cookies/?nc=cs
/pc/bakery-cakes-dairy/gourmet-breads/?nc=cs
/pc/bakery-cakes-dairy/gourmet-breads/croissants-bagels/?nc=cs
/pc/bakery-cakes-dairy/gourmet-breads/gourmet-bread/?nc=cs
/pc/bakery-cakes-dairy/gourmet-breads/bagels-baguette/?nc=cs
/pc/bakery-cakes-dairy/gourmet-breads/panini-focaccia-pita/?nc=cs
/pc/bakery-cakes-dairy/ice-creams-desserts/?nc=cs
/pc/bakery-cakes-dairy/ice-creams-desserts/ice-creams/?nc=cs
/pc/bakery-cakes-dairy/bakery-snacks/?nc=cs
/pc/bakery-cakes-dairy/bakery-snacks/cheese-garlic-bread/?nc=cs
/pc/bakery-cakes-dairy/bakery-snacks/bread-sticks-lavash/?nc=cs
/pc/bakery-cakes-dairy/bakery-snacks/puffs-patties-sandwiches/?nc=cs
/pc/bakery-cakes-dairy/cakes-pastries/?nc=cs
/pc/bakery-cakes-dairy/cakes-pastries/tea-cakes-slice-cakes/?nc=cs
/pc/bakery-cakes-dairy/cakes-pastries/muffins-cup-cakes/?nc=cs
/pc/bakery-cakes-dairy/cakes-pastries/pastries-brownies/?nc=cs
/pc/bakery-cakes-dairy/cakes-pastries/birthday-party-cakes/?nc=cs
/pc/bakery-cakes-dairy/cakes-pastries/doughnuts-mousses/?nc=cs
/pc/beverages/energy-soft-drinks/?nc=cs
/pc/beverages/water/?nc=cs
/pc/beverages/tea/?nc=cs
/pc/beverages/coffee/?nc=cs
/pc/beverages/health-drink-supplement/?nc=cs
/pc/beverages/fruit-juices-drinks/?nc=cs
/pc/beverages/energy-soft-drinks/?nc=cs
/pc/beverages/energy-soft-drinks/soda-cocktail-mix/?nc=cs
/pc/beverages/energy-soft-drinks/cold-drinks/?nc=cs
/pc/beverages/energy-soft-drinks/sports-energy-drinks/?nc=cs
/pc/beverages/energy-soft-drinks/non-alcoholic-drinks/?nc=cs
/pc/beverages/water/?nc=cs
/pc/beverages/water/packaged-water/?nc=cs
/pc/beverages/water/spring-water/?nc=cs
/pc/beverages/water/flavoured-water/?nc=cs
/pc/beverages/tea/?nc=cs
/pc/beverages/tea/leaf-dust-tea/?nc=cs
/pc/beverages/tea/green-tea/?nc=cs
/pc/beverages/tea/tea-bags/?nc=cs
/pc/beverages/tea/exotic-flavoured-tea/?nc=cs
/pc/beverages/coffee/?nc=cs
/pc/beverages/coffee/ground-coffee/?nc=cs
/pc/beverages/coffee/instant-coffee/?nc=cs
/pc/beverages/health-drink-supplement/?nc=cs
/pc/beverages/health-drink-supplement/kids-5yrs/?nc=cs
/pc/beverages/health-drink-supplement/children-2-5-yrs/?nc=cs
/pc/beverages/health-drink-supplement/men-women/?nc=cs
/pc/beverages/health-drink-supplement/glucose-powder-tablets/?nc=cs
/pc/beverages/fruit-juices-drinks/?nc=cs
/pc/beverages/fruit-juices-drinks/juices-sweetened/?nc=cs
/pc/beverages/fruit-juices-drinks/unsweetened-cold-press/?nc=cs
/pc/beverages/fruit-juices-drinks/syrups-concentrates/?nc=cs
/pc/snacks-branded-foods/noodle-pasta-vermicelli/?nc=cs
/pc/snacks-branded-foods/breakfast-cereals/?nc=cs
/pc/snacks-branded-foods/biscuits-cookies/?nc=cs
/pc/snacks-branded-foods/frozen-veggies-snacks/?nc=cs
/pc/snacks-branded-foods/spreads-sauces-ketchup/?nc=cs
/pc/snacks-branded-foods/snacks-namkeen/?nc=cs
/pc/snacks-branded-foods/ready-to-cook-eat/?nc=cs
/pc/snacks-branded-foods/chocolates-candies/?nc=cs
/pc/snacks-branded-foods/pickles-chutney/?nc=cs
/pc/snacks-branded-foods/indian-mithai/?nc=cs
/pc/snacks-branded-foods/noodle-pasta-vermicelli/?nc=cs
/pc/snacks-branded-foods/noodle-pasta-vermicelli/instant-noodles/?nc=cs
/pc/snacks-branded-foods/noodle-pasta-vermicelli/hakka-noodles/?nc=cs
/pc/snacks-branded-foods/noodle-pasta-vermicelli/instant-pasta/?nc=cs
/pc/snacks-branded-foods/noodle-pasta-vermicelli/vermicelli/?nc=cs
/pc/snacks-branded-foods/noodle-pasta-vermicelli/cup-noodles/?nc=cs
/pc/snacks-branded-foods/noodle-pasta-vermicelli/pasta-macaroni/?nc=cs
/pc/snacks-branded-foods/breakfast-cereals/?nc=cs
/pc/snacks-branded-foods/breakfast-cereals/kids-cereal/?nc=cs
/pc/snacks-branded-foods/breakfast-cereals/oats-porridge/?nc=cs
/pc/snacks-branded-foods/breakfast-cereals/muesli/?nc=cs
/pc/snacks-branded-foods/breakfast-cereals/flakes/?nc=cs
/pc/snacks-branded-foods/breakfast-cereals/granola-cereal-bars/?nc=cs
/pc/snacks-branded-foods/biscuits-cookies/?nc=cs
/pc/snacks-branded-foods/biscuits-cookies/marie-health-digestive/?nc=cs
/pc/snacks-branded-foods/biscuits-cookies/cream-biscuits-wafers/?nc=cs
/pc/snacks-branded-foods/biscuits-cookies/glucose-milk-biscuits/?nc=cs
/pc/snacks-branded-foods/biscuits-cookies/salted-biscuits/?nc=cs
/pc/snacks-branded-foods/biscuits-cookies/cookies/?nc=cs
/pc/snacks-branded-foods/frozen-veggies-snacks/?nc=cs
/pc/snacks-branded-foods/frozen-veggies-snacks/frozen-vegetables/?nc=cs
/pc/snacks-branded-foods/frozen-veggies-snacks/frozen-veg-snacks/?nc=cs
/pc/snacks-branded-foods/frozen-veggies-snacks/frozen-non-veg-snacks/?nc=cs
/pc/snacks-branded-foods/frozen-veggies-snacks/frozen-indian-breads/?nc=cs
/pc/snacks-branded-foods/spreads-sauces-ketchup/?nc=cs
/pc/snacks-branded-foods/spreads-sauces-ketchup/honey/?nc=cs
/pc/snacks-branded-foods/spreads-sauces-ketchup/tomato-ketchup-sauces/?nc=cs
/pc/snacks-branded-foods/spreads-sauces-ketchup/choco-nut-spread/?nc=cs
/pc/snacks-branded-foods/spreads-sauces-ketchup/mayonnaise/?nc=cs
/pc/snacks-branded-foods/spreads-sauces-ketchup/jam-conserve-marmalade/?nc=cs
/pc/snacks-branded-foods/spreads-sauces-ketchup/chilli-soya-sauce/?nc=cs
/pc/snacks-branded-foods/spreads-sauces-ketchup/vinegar/?nc=cs
/pc/snacks-branded-foods/spreads-sauces-ketchup/dips-dressings/?nc=cs
/pc/snacks-branded-foods/snacks-namkeen/?nc=cs
/pc/snacks-branded-foods/snacks-namkeen/chips-corn-snacks/?nc=cs
/pc/snacks-branded-foods/snacks-namkeen/namkeen-savoury-snacks/?nc=cs
/pc/snacks-branded-foods/ready-to-cook-eat/?nc=cs
/pc/snacks-branded-foods/ready-to-cook-eat/breakfast-snack-mixes/?nc=cs
/pc/snacks-branded-foods/ready-to-cook-eat/soups/?nc=cs
/pc/snacks-branded-foods/ready-to-cook-eat/papads-ready-to-fry/?nc=cs
/pc/snacks-branded-foods/ready-to-cook-eat/home-baking/?nc=cs
/pc/snacks-branded-foods/ready-to-cook-eat/dessert-mixes/?nc=cs
/pc/snacks-branded-foods/ready-to-cook-eat/heat-eat-ready-meals/?nc=cs
/pc/snacks-branded-foods/ready-to-cook-eat/canned-food/?nc=cs
/pc/snacks-branded-foods/chocolates-candies/?nc=cs
/pc/snacks-branded-foods/chocolates-candies/chocolates/?nc=cs
/pc/snacks-branded-foods/chocolates-candies/toffee-candy-lollypop/?nc=cs
/pc/snacks-branded-foods/chocolates-candies/mints-chewing-gum/?nc=cs
/pc/snacks-branded-foods/chocolates-candies/gift-boxes/?nc=cs
/pc/snacks-branded-foods/pickles-chutney/?nc=cs
/pc/snacks-branded-foods/pickles-chutney/lime-mango-pickle/?nc=cs
/pc/snacks-branded-foods/pickles-chutney/other-veg-pickle/?nc=cs
/pc/snacks-branded-foods/pickles-chutney/chutney-powder/?nc=cs
/pc/snacks-branded-foods/pickles-chutney/non-veg-pickle/?nc=cs
/pc/snacks-branded-foods/indian-mithai/?nc=cs
/pc/snacks-branded-foods/indian-mithai/chikki-gajjak/?nc=cs
/pc/snacks-branded-foods/indian-mithai/tinned-packed-sweets/?nc=cs
/pc/snacks-branded-foods/indian-mithai/fresh-sweets/?nc=cs
/pc/beauty-hygiene/feminine-hygiene/?nc=cs
/pc/beauty-hygiene/oral-care/?nc=cs
/pc/beauty-hygiene/bath-hand-wash/?nc=cs
/pc/beauty-hygiene/health-medicine/?nc=cs
/pc/beauty-hygiene/hair-care/?nc=cs
/pc/beauty-hygiene/mens-grooming/?nc=cs
/pc/beauty-hygiene/skin-care/?nc=cs
/pc/beauty-hygiene/fragrances-deos/?nc=cs
/pc/beauty-hygiene/makeup/?nc=cs
/pc/beauty-hygiene/feminine-hygiene/?nc=cs
/pc/beauty-hygiene/feminine-hygiene/sanitary-napkins/?nc=cs
/pc/beauty-hygiene/feminine-hygiene/panty-liners/?nc=cs
/pc/beauty-hygiene/feminine-hygiene/hair-removal/?nc=cs
/pc/beauty-hygiene/feminine-hygiene/intimate-wash-care/?nc=cs
/pc/beauty-hygiene/feminine-hygiene/tampons-menstrual-cups/?nc=cs
/pc/beauty-hygiene/oral-care/?nc=cs
/pc/beauty-hygiene/oral-care/mouthwash/?nc=cs
/pc/beauty-hygiene/oral-care/toothpaste/?nc=cs
/pc/beauty-hygiene/oral-care/toothbrush/?nc=cs
/pc/beauty-hygiene/oral-care/floss-tongue-cleaner/?nc=cs
/pc/beauty-hygiene/bath-hand-wash/?nc=cs
/pc/beauty-hygiene/bath-hand-wash/hand-wash-sanitizers/?nc=cs
/pc/beauty-hygiene/bath-hand-wash/bathing-bars-soaps/?nc=cs
/pc/beauty-hygiene/bath-hand-wash/shower-gel-body-wash/?nc=cs
/pc/beauty-hygiene/bath-hand-wash/talcum-powder/?nc=cs
/pc/beauty-hygiene/bath-hand-wash/bathing-accessories/?nc=cs
/pc/beauty-hygiene/bath-hand-wash/bath-salts-oils/?nc=cs
/pc/beauty-hygiene/bath-hand-wash/body-scrubs-exfoliants/?nc=cs
/pc/beauty-hygiene/health-medicine/?nc=cs
/pc/beauty-hygiene/health-medicine/antiseptics-bandages/?nc=cs
/pc/beauty-hygiene/health-medicine/everyday-medicine/?nc=cs
/pc/beauty-hygiene/health-medicine/cotton-ear-buds/?nc=cs
/pc/beauty-hygiene/health-medicine/slimming-products/?nc=cs
/pc/beauty-hygiene/health-medicine/sexual-wellness/?nc=cs
/pc/beauty-hygiene/health-medicine/supplements-proteins/?nc=cs
/pc/beauty-hygiene/health-medicine/adult-diapers/?nc=cs
/pc/beauty-hygiene/health-medicine/ayurveda/?nc=cs
/pc/beauty-hygiene/hair-care/?nc=cs
/pc/beauty-hygiene/hair-care/hair-oil-serum/?nc=cs
/pc/beauty-hygiene/hair-care/shampoo-conditioner/?nc=cs
/pc/beauty-hygiene/hair-care/hair-color/?nc=cs
/pc/beauty-hygiene/hair-care/hair-scalp-treatment/?nc=cs
/pc/beauty-hygiene/hair-care/hair-styling/?nc=cs
/pc/beauty-hygiene/hair-care/dry-shampoo-conditioner/?nc=cs
/pc/beauty-hygiene/hair-care/tools-accessories/?nc=cs
/pc/beauty-hygiene/mens-grooming/?nc=cs
/pc/beauty-hygiene/mens-grooming/shaving-care/?nc=cs
/pc/beauty-hygiene/mens-grooming/bath-shower/?nc=cs
/pc/beauty-hygiene/mens-grooming/face-body/?nc=cs
/pc/beauty-hygiene/mens-grooming/talc/?nc=cs
/pc/beauty-hygiene/mens-grooming/hair-care-styling/?nc=cs
/pc/beauty-hygiene/mens-grooming/moustache-beard-care/?nc=cs
/pc/beauty-hygiene/mens-grooming/combos-gift-sets/?nc=cs
/pc/beauty-hygiene/skin-care/?nc=cs
/pc/beauty-hygiene/skin-care/body-care/?nc=cs
/pc/beauty-hygiene/skin-care/face-care/?nc=cs
/pc/beauty-hygiene/skin-care/lip-care/?nc=cs
/pc/beauty-hygiene/skin-care/eye-care/?nc=cs
/pc/beauty-hygiene/skin-care/aromatherapy/?nc=cs
/pc/beauty-hygiene/fragrances-deos/?nc=cs
/pc/beauty-hygiene/fragrances-deos/womens-deodorants/?nc=cs
/pc/beauty-hygiene/fragrances-deos/mens-deodorants/?nc=cs
/pc/beauty-hygiene/fragrances-deos/perfume/?nc=cs
/pc/beauty-hygiene/fragrances-deos/body-sprays-mists/?nc=cs
/pc/beauty-hygiene/fragrances-deos/eau-de-parfum/?nc=cs
/pc/beauty-hygiene/fragrances-deos/eau-de-toilette/?nc=cs
/pc/beauty-hygiene/fragrances-deos/attar/?nc=cs
/pc/beauty-hygiene/fragrances-deos/gift-sets/?nc=cs
/pc/beauty-hygiene/fragrances-deos/eau-de-cologne/?nc=cs
/pc/beauty-hygiene/makeup/?nc=cs
/pc/beauty-hygiene/makeup/nails/?nc=cs
/pc/beauty-hygiene/makeup/lips/?nc=cs
/pc/beauty-hygiene/makeup/eyes/?nc=cs
/pc/beauty-hygiene/makeup/face/?nc=cs
/pc/beauty-hygiene/makeup/makeup-accessories/?nc=cs
/pc/beauty-hygiene/makeup/makeup-kits-gift-sets/?nc=cs
/pc/cleaning-household/detergents-dishwash/?nc=cs
/pc/cleaning-household/all-purpose-cleaners/?nc=cs
/pc/cleaning-household/disposables-garbage-bag/?nc=cs
/pc/cleaning-household/fresheners-repellents/?nc=cs
/pc/cleaning-household/mops-brushes-scrubs/?nc=cs
/pc/cleaning-household/pooja-needs/?nc=cs
/pc/cleaning-household/stationery/?nc=cs
/pc/cleaning-household/bins-bathroom-ware/?nc=cs
/pc/cleaning-household/party-festive-needs/?nc=cs
/pc/cleaning-household/car-shoe-care/?nc=cs
/pc/cleaning-household/detergents-dishwash/?nc=cs
/pc/cleaning-household/detergents-dishwash/dishwash-liquids-pastes/?nc=cs
/pc/cleaning-household/detergents-dishwash/detergent-powder-liquid/?nc=cs
/pc/cleaning-household/detergents-dishwash/dishwash-bars-powders/?nc=cs
/pc/cleaning-household/detergents-dishwash/detergent-bars/?nc=cs
/pc/cleaning-household/detergents-dishwash/fabric-pre-post-wash/?nc=cs
/pc/cleaning-household/all-purpose-cleaners/?nc=cs
/pc/cleaning-household/all-purpose-cleaners/toilet-cleaners/?nc=cs
/pc/cleaning-household/all-purpose-cleaners/kitchen-glass-drain/?nc=cs
/pc/cleaning-household/all-purpose-cleaners/floor-other-cleaners/?nc=cs
/pc/cleaning-household/all-purpose-cleaners/metal-furniture-cleaner/?nc=cs
/pc/cleaning-household/all-purpose-cleaners/imported-cleaners/?nc=cs
/pc/cleaning-household/disposables-garbage-bag/?nc=cs
/pc/cleaning-household/disposables-garbage-bag/kitchen-rolls/?nc=cs
/pc/cleaning-household/disposables-garbage-bag/garbage-bags/?nc=cs
/pc/cleaning-household/disposables-garbage-bag/toilet-paper/?nc=cs
/pc/cleaning-household/disposables-garbage-bag/wet-wipe-pocket-tissues/?nc=cs
/pc/cleaning-household/disposables-garbage-bag/aluminium-foil-clingwrap/?nc=cs
/pc/cleaning-household/disposables-garbage-bag/paper-napkin-tissue-box/?nc=cs
/pc/cleaning-household/fresheners-repellents/?nc=cs
/pc/cleaning-household/fresheners-repellents/mosquito-repellent/?nc=cs
/pc/cleaning-household/fresheners-repellents/insect-repellent/?nc=cs
/pc/cleaning-household/fresheners-repellents/air-freshener/?nc=cs
/pc/cleaning-household/mops-brushes-scrubs/?nc=cs
/pc/cleaning-household/mops-brushes-scrubs/utensil-scrub-pad-glove/?nc=cs
/pc/cleaning-household/mops-brushes-scrubs/brooms-dust-pans/?nc=cs
/pc/cleaning-household/mops-brushes-scrubs/dust-cloth-wipes/?nc=cs
/pc/cleaning-household/mops-brushes-scrubs/mops-wipers/?nc=cs
/pc/cleaning-household/mops-brushes-scrubs/toilet-other-brushes/?nc=cs
/pc/cleaning-household/pooja-needs/?nc=cs
/pc/cleaning-household/pooja-needs/camphor-wicks/?nc=cs
/pc/cleaning-household/pooja-needs/agarbatti-incense-sticks/?nc=cs
/pc/cleaning-household/pooja-needs/lamp-lamp-oil/?nc=cs
/pc/cleaning-household/pooja-needs/candles-match-box/?nc=cs
/pc/cleaning-household/pooja-needs/other-pooja-needs/?nc=cs
/pc/cleaning-household/pooja-needs/pooja-thali-bells/?nc=cs
/pc/cleaning-household/stationery/?nc=cs
/pc/cleaning-household/stationery/electronic-accessories/?nc=cs
/pc/cleaning-household/stationery/scissor-glue-tape/?nc=cs
/pc/cleaning-household/stationery/colours-crayons/?nc=cs
/pc/cleaning-household/stationery/pen-pencils/?nc=cs
/pc/cleaning-household/stationery/notebooks-files-folders/?nc=cs
/pc/cleaning-household/stationery/erasers-sharpeners/?nc=cs
/pc/cleaning-household/stationery/exam-pads-pencil-box/?nc=cs
/pc/cleaning-household/stationery/games-calculators/?nc=cs
/pc/cleaning-household/bins-bathroom-ware/?nc=cs
/pc/cleaning-household/bins-bathroom-ware/hangers-clips-rope/?nc=cs
/pc/cleaning-household/bins-bathroom-ware/dustbins/?nc=cs
/pc/cleaning-household/bins-bathroom-ware/buckets-mugs/?nc=cs
/pc/cleaning-household/bins-bathroom-ware/laundry-storage-baskets/?nc=cs
/pc/cleaning-household/bins-bathroom-ware/bath-stool-basin-sets/?nc=cs
/pc/cleaning-household/bins-bathroom-ware/soap-cases-dispensers/?nc=cs
/pc/cleaning-household/bins-bathroom-ware/other-plastic-ware/?nc=cs
/pc/cleaning-household/party-festive-needs/?nc=cs
/pc/cleaning-household/party-festive-needs/gift-wraps-bags/?nc=cs
/pc/cleaning-household/party-festive-needs/disposable-cups-plates/?nc=cs
/pc/cleaning-household/party-festive-needs/caps-balloons-candles/?nc=cs
/pc/cleaning-household/party-festive-needs/rakhi/?nc=cs
/pc/cleaning-household/party-festive-needs/decorations/?nc=cs
/pc/cleaning-household/party-festive-needs/seasonal-accessories/?nc=cs
/pc/cleaning-household/party-festive-needs/holi-colours-pichkari/?nc=cs
/pc/cleaning-household/party-festive-needs/gifts/?nc=cs
/pc/cleaning-household/car-shoe-care/?nc=cs
/pc/cleaning-household/car-shoe-care/shoe-polish/?nc=cs
/pc/cleaning-household/car-shoe-care/shoe-shiners-brushes/?nc=cs
/pc/cleaning-household/car-shoe-care/car-freshener/?nc=cs
/pc/cleaning-household/car-shoe-care/car-polish-cleaners/?nc=cs
/pc/kitchen-garden-pets/appliances-electricals/?nc=cs
/pc/kitchen-garden-pets/pet-food-accessories/?nc=cs
/pc/kitchen-garden-pets/cookware-non-stick/?nc=cs
/pc/kitchen-garden-pets/kitchen-accessories/?nc=cs
/pc/kitchen-garden-pets/gardening/?nc=cs
/pc/kitchen-garden-pets/steel-utensils/?nc=cs
/pc/kitchen-garden-pets/bakeware/?nc=cs
/pc/kitchen-garden-pets/crockery-cutlery/?nc=cs
/pc/kitchen-garden-pets/storage-accessories/?nc=cs
/pc/kitchen-garden-pets/flask-casserole/?nc=cs
/pc/kitchen-garden-pets/appliances-electricals/?nc=cs
/pc/kitchen-garden-pets/appliances-electricals/battery-electrical/?nc=cs
/pc/kitchen-garden-pets/appliances-electricals/cfl-led-bulbs/?nc=cs
/pc/kitchen-garden-pets/pet-food-accessories/?nc=cs
/pc/kitchen-garden-pets/pet-food-accessories/pet-meals-treats/?nc=cs
/pc/kitchen-garden-pets/pet-food-accessories/pet-cleaning-grooming/?nc=cs
/pc/kitchen-garden-pets/pet-food-accessories/pet-feeding-support/?nc=cs
/pc/kitchen-garden-pets/pet-food-accessories/pet-collars-leashes/?nc=cs
/pc/kitchen-garden-pets/pet-food-accessories/pet-toys/?nc=cs
/pc/kitchen-garden-pets/cookware-non-stick/?nc=cs
/pc/kitchen-garden-pets/cookware-non-stick/pressure-cookers/?nc=cs
/pc/kitchen-garden-pets/cookware-non-stick/gas-stove/?nc=cs
/pc/kitchen-garden-pets/cookware-non-stick/tawa-sauce-pan/?nc=cs
/pc/kitchen-garden-pets/cookware-non-stick/kadai-fry-pans/?nc=cs
/pc/kitchen-garden-pets/cookware-non-stick/cook-and-serve/?nc=cs
/pc/kitchen-garden-pets/cookware-non-stick/cookware-sets/?nc=cs
/pc/kitchen-garden-pets/kitchen-accessories/?nc=cs
/pc/kitchen-garden-pets/kitchen-accessories/lighters/?nc=cs
/pc/kitchen-garden-pets/kitchen-accessories/choppers-graters/?nc=cs
/pc/kitchen-garden-pets/kitchen-accessories/knives-peelers/?nc=cs
/pc/kitchen-garden-pets/kitchen-accessories/kitchen-tools-other-accessories/?nc=cs
/pc/kitchen-garden-pets/kitchen-accessories/strainer-ladle-spatula/?nc=cs
/pc/kitchen-garden-pets/gardening/?nc=cs
/pc/kitchen-garden-pets/gardening/fertilizers-pesticides/?nc=cs
/pc/kitchen-garden-pets/gardening/gardening-tools/?nc=cs
/pc/kitchen-garden-pets/gardening/pots-planters-trays/?nc=cs
/pc/kitchen-garden-pets/gardening/seeds-sapling/?nc=cs
/pc/kitchen-garden-pets/steel-utensils/?nc=cs
/pc/kitchen-garden-pets/steel-utensils/steel-storage-containers/?nc=cs
/pc/kitchen-garden-pets/steel-utensils/plates-tumblers/?nc=cs
/pc/kitchen-garden-pets/steel-utensils/copper-utensils/?nc=cs
/pc/kitchen-garden-pets/steel-utensils/bowls-vessels/?nc=cs
/pc/kitchen-garden-pets/steel-utensils/steel-lunch-boxes/?nc=cs
/pc/kitchen-garden-pets/bakeware/?nc=cs
/pc/kitchen-garden-pets/bakeware/bakeware-moulds-cutters/?nc=cs
/pc/kitchen-garden-pets/bakeware/bakeware-accessories/?nc=cs
/pc/kitchen-garden-pets/bakeware/baking-tools-brushes/?nc=cs
/pc/kitchen-garden-pets/crockery-cutlery/?nc=cs
/pc/kitchen-garden-pets/crockery-cutlery/glassware/?nc=cs
/pc/kitchen-garden-pets/crockery-cutlery/cups-mugs-tumblers/?nc=cs
/pc/kitchen-garden-pets/crockery-cutlery/dinner-sets/?nc=cs
/pc/kitchen-garden-pets/crockery-cutlery/plates-bowls/?nc=cs
/pc/kitchen-garden-pets/crockery-cutlery/cutlery-spoon-fork/?nc=cs
/pc/kitchen-garden-pets/storage-accessories/?nc=cs
/pc/kitchen-garden-pets/storage-accessories/containers-sets/?nc=cs
/pc/kitchen-garden-pets/storage-accessories/wall-hooks-hangers/?nc=cs
/pc/kitchen-garden-pets/storage-accessories/water-fridge-bottles/?nc=cs
/pc/kitchen-garden-pets/storage-accessories/racks-holders/?nc=cs
/pc/kitchen-garden-pets/storage-accessories/umbrella/?nc=cs
/pc/kitchen-garden-pets/storage-accessories/lunch-boxes/?nc=cs
/pc/kitchen-garden-pets/storage-accessories/cloth-dryer-iron-table/?nc=cs
/pc/kitchen-garden-pets/flask-casserole/?nc=cs
/pc/kitchen-garden-pets/flask-casserole/vacuum-flask/?nc=cs
/pc/kitchen-garden-pets/flask-casserole/casserole/?nc=cs
/pc/eggs-meat-fish/eggs/?nc=cs
/pc/eggs-meat-fish/poultry/?nc=cs
/pc/eggs-meat-fish/mutton-lamb/?nc=cs
/pc/eggs-meat-fish/sausages-bacon-salami/?nc=cs
/pc/eggs-meat-fish/fish-seafood/?nc=cs
/pc/eggs-meat-fish/pork-other-meats/?nc=cs
/pc/eggs-meat-fish/marinades/?nc=cs
/pc/eggs-meat-fish/eggs/?nc=cs
/pc/eggs-meat-fish/eggs/farm-eggs/?nc=cs
/pc/eggs-meat-fish/eggs/country-eggs/?nc=cs
/pc/eggs-meat-fish/eggs/protein-eggs/?nc=cs
/pc/eggs-meat-fish/eggs/organic-eggs/?nc=cs
/pc/eggs-meat-fish/eggs/other-eggs/?nc=cs
/pc/eggs-meat-fish/poultry/?nc=cs
/pc/eggs-meat-fish/poultry/fresh-chicken/?nc=cs
/pc/eggs-meat-fish/poultry/frozen-chicken/?nc=cs
/pc/eggs-meat-fish/poultry/turkey/?nc=cs
/pc/eggs-meat-fish/mutton-lamb/?nc=cs
/pc/eggs-meat-fish/mutton-lamb/fresh-mutton/?nc=cs
/pc/eggs-meat-fish/mutton-lamb/frozen-mutton/?nc=cs
/pc/eggs-meat-fish/sausages-bacon-salami/?nc=cs
/pc/eggs-meat-fish/sausages-bacon-salami/pork-ham/?nc=cs
/pc/eggs-meat-fish/sausages-bacon-salami/chicken-sausages/?nc=cs
/pc/eggs-meat-fish/sausages-bacon-salami/turkey-duck/?nc=cs
/pc/eggs-meat-fish/sausages-bacon-salami/lamb/?nc=cs
/pc/eggs-meat-fish/fish-seafood/?nc=cs
/pc/eggs-meat-fish/fish-seafood/dry-fish/?nc=cs
/pc/eggs-meat-fish/fish-seafood/frozen-fish-seafood/?nc=cs
/pc/eggs-meat-fish/fish-seafood/prawns-shrimps/?nc=cs
/pc/eggs-meat-fish/fish-seafood/fresh-fish/?nc=cs
/pc/eggs-meat-fish/fish-seafood/canned-seafood/?nc=cs
/pc/eggs-meat-fish/fish-seafood/other-seafood/?nc=cs
/pc/eggs-meat-fish/pork-other-meats/?nc=cs
/pc/eggs-meat-fish/pork-other-meats/fresh-frozen-pork/?nc=cs
/pc/eggs-meat-fish/marinades/?nc=cs
/pc/eggs-meat-fish/marinades/marinated-meat/?nc=cs
/pc/gourmet-world-food/oils-vinegar/?nc=cs
/pc/gourmet-world-food/snacks-dry-fruits-nuts/?nc=cs
/pc/gourmet-world-food/pasta-soup-noodles/?nc=cs
/pc/gourmet-world-food/dairy-cheese/?nc=cs
/pc/gourmet-world-food/cereals-breakfast/?nc=cs
/pc/gourmet-world-food/sauces-spreads-dips/?nc=cs
/pc/gourmet-world-food/chocolates-biscuits/?nc=cs
/pc/gourmet-world-food/cooking-baking-needs/?nc=cs
/pc/gourmet-world-food/drinks-beverages/?nc=cs
/pc/gourmet-world-food/tinned-processed-food/?nc=cs
/pc/gourmet-world-food/oils-vinegar/?nc=cs
/pc/gourmet-world-food/oils-vinegar/extra-virgin-olive-oil/?nc=cs
/pc/gourmet-world-food/oils-vinegar/pure-pomace-olive-oil/?nc=cs
/pc/gourmet-world-food/oils-vinegar/regular-white-vinegar/?nc=cs
/pc/gourmet-world-food/oils-vinegar/canola-rapeseed-oil/?nc=cs
/pc/gourmet-world-food/oils-vinegar/balsamic-cider-vinegar/?nc=cs
/pc/gourmet-world-food/oils-vinegar/organic-cold-press-oil/?nc=cs
/pc/gourmet-world-food/oils-vinegar/flavoured-other-oils/?nc=cs
/pc/gourmet-world-food/oils-vinegar/wine-rice-vinegar/?nc=cs
/pc/gourmet-world-food/snacks-dry-fruits-nuts/?nc=cs
/pc/gourmet-world-food/snacks-dry-fruits-nuts/gourmet-popcorn/?nc=cs
/pc/gourmet-world-food/snacks-dry-fruits-nuts/healthy-baked-snacks/?nc=cs
/pc/gourmet-world-food/snacks-dry-fruits-nuts/dry-fruits-berries/?nc=cs
/pc/gourmet-world-food/snacks-dry-fruits-nuts/nachos-chips/?nc=cs
/pc/gourmet-world-food/snacks-dry-fruits-nuts/roasted-seeds-nuts/?nc=cs
/pc/gourmet-world-food/snacks-dry-fruits-nuts/trail-cocktail-mixes/?nc=cs
/pc/gourmet-world-food/pasta-soup-noodles/?nc=cs
/pc/gourmet-world-food/pasta-soup-noodles/pastas-spaghetti/?nc=cs
/pc/gourmet-world-food/pasta-soup-noodles/imported-noodles/?nc=cs
/pc/gourmet-world-food/pasta-soup-noodles/imported-soups/?nc=cs
/pc/gourmet-world-food/dairy-cheese/?nc=cs
/pc/gourmet-world-food/dairy-cheese/flavoured-greek-yogurt/?nc=cs
/pc/gourmet-world-food/dairy-cheese/tofu/?nc=cs
/pc/gourmet-world-food/dairy-cheese/gourmet-ice-cream/?nc=cs
/pc/gourmet-world-food/dairy-cheese/milk-soya-drinks/?nc=cs
/pc/gourmet-world-food/dairy-cheese/international-cheese/?nc=cs
/pc/gourmet-world-food/dairy-cheese/cream-cheese-spreads/?nc=cs
/pc/gourmet-world-food/dairy-cheese/butter-cream/?nc=cs
/pc/gourmet-world-food/cereals-breakfast/?nc=cs
/pc/gourmet-world-food/cereals-breakfast/muesli-rice-cakes/?nc=cs
/pc/gourmet-world-food/cereals-breakfast/imported-oats-porridge/?nc=cs
/pc/gourmet-world-food/cereals-breakfast/cereal-granola-bars/?nc=cs
/pc/gourmet-world-food/cereals-breakfast/gourmet-flakes/?nc=cs
/pc/gourmet-world-food/sauces-spreads-dips/?nc=cs
/pc/gourmet-world-food/sauces-spreads-dips/chocolate-peanut-spread/?nc=cs
/pc/gourmet-world-food/sauces-spreads-dips/jams-marmalade-spreads/?nc=cs
/pc/gourmet-world-food/sauces-spreads-dips/honey-maple-syrup/?nc=cs
/pc/gourmet-world-food/sauces-spreads-dips/thai-asian-sauces/?nc=cs
/pc/gourmet-world-food/sauces-spreads-dips/mustard-cheese-sauces/?nc=cs
/pc/gourmet-world-food/sauces-spreads-dips/salad-dressings/?nc=cs
/pc/gourmet-world-food/sauces-spreads-dips/hummus-cheese-salsa-dip/?nc=cs
/pc/gourmet-world-food/chocolates-biscuits/?nc=cs
/pc/gourmet-world-food/chocolates-biscuits/crackers-digestive/?nc=cs
/pc/gourmet-world-food/chocolates-biscuits/international-chocolates/?nc=cs
/pc/gourmet-world-food/chocolates-biscuits/luxury-chocolates-gifts/?nc=cs
/pc/gourmet-world-food/chocolates-biscuits/cookies-biscotti-wafer/?nc=cs
/pc/gourmet-world-food/chocolates-biscuits/marshmallow-candy-jelly/?nc=cs
/pc/gourmet-world-food/cooking-baking-needs/?nc=cs
/pc/gourmet-world-food/cooking-baking-needs/cooking-chocolate-cocoa/?nc=cs
/pc/gourmet-world-food/cooking-baking-needs/curry-paste-coconut-milk/?nc=cs
/pc/gourmet-world-food/cooking-baking-needs/exotic-sugar-salt/?nc=cs
/pc/gourmet-world-food/cooking-baking-needs/flours-pre-mixes/?nc=cs
/pc/gourmet-world-food/cooking-baking-needs/quinoa-grains/?nc=cs
/pc/gourmet-world-food/cooking-baking-needs/baking-cake-decorations/?nc=cs
/pc/gourmet-world-food/cooking-baking-needs/herbs-seasonings-rubs/?nc=cs
/pc/gourmet-world-food/cooking-baking-needs/baking-accessories/?nc=cs
/pc/gourmet-world-food/drinks-beverages/?nc=cs
/pc/gourmet-world-food/drinks-beverages/coffee-pre-mix/?nc=cs
/pc/gourmet-world-food/drinks-beverages/health-drinks/?nc=cs
/pc/gourmet-world-food/drinks-beverages/gourmet-tea-tea-bags/?nc=cs
/pc/gourmet-world-food/drinks-beverages/gourmet-juices-drinks/?nc=cs
/pc/gourmet-world-food/drinks-beverages/cocktail-mixes/?nc=cs
/pc/gourmet-world-food/drinks-beverages/aerated-still-sparkling/?nc=cs
/pc/gourmet-world-food/drinks-beverages/non-alcoholic-beer-wine/?nc=cs
/pc/gourmet-world-food/tinned-processed-food/?nc=cs
/pc/gourmet-world-food/tinned-processed-food/fish-tuna/?nc=cs
/pc/gourmet-world-food/tinned-processed-food/beans-pulses/?nc=cs
/pc/gourmet-world-food/tinned-processed-food/olive-jalapeno-gherkin/?nc=cs
/pc/gourmet-world-food/tinned-processed-food/tomatoes-vegetables/?nc=cs
/pc/gourmet-world-food/tinned-processed-food/fruits-pulps/?nc=cs
/pc/baby-care/baby-food-formula/?nc=cs
/pc/baby-care/baby-bath-hygiene/?nc=cs
/pc/baby-care/diapers-wipes/?nc=cs
/pc/baby-care/mothers-maternity/?nc=cs
/pc/baby-care/feeding-nursing/?nc=cs
/pc/baby-care/baby-accessories/?nc=cs
/pc/baby-care/baby-food-formula/?nc=cs
/pc/baby-care/baby-food-formula/infant-formula/?nc=cs
/pc/baby-care/baby-food-formula/baby-food/?nc=cs
/pc/baby-care/baby-food-formula/organic-baby-food/?nc=cs
/pc/baby-care/baby-bath-hygiene/?nc=cs
/pc/baby-care/baby-bath-hygiene/baby-creams-lotions/?nc=cs
/pc/baby-care/baby-bath-hygiene/baby-oil-shampoo/?nc=cs
/pc/baby-care/baby-bath-hygiene/baby-bath/?nc=cs
/pc/baby-care/baby-bath-hygiene/baby-laundry/?nc=cs
/pc/baby-care/baby-bath-hygiene/baby-powder/?nc=cs
/pc/baby-care/baby-bath-hygiene/baby-oral-care/?nc=cs
/pc/baby-care/baby-bath-hygiene/baby-health/?nc=cs
/pc/baby-care/baby-bath-hygiene/baby-buds/?nc=cs
/pc/baby-care/baby-bath-hygiene/baby-gift-sets/?nc=cs
/pc/baby-care/diapers-wipes/?nc=cs
/pc/baby-care/diapers-wipes/diapers/?nc=cs
/pc/baby-care/diapers-wipes/baby-wipes/?nc=cs
/pc/baby-care/diapers-wipes/nappies-rash-cream/?nc=cs
/pc/baby-care/mothers-maternity/?nc=cs
/pc/baby-care/mothers-maternity/maternity-health-supplements/?nc=cs
/pc/baby-care/mothers-maternity/maternity-personal-care/?nc=cs
/pc/baby-care/feeding-nursing/?nc=cs
/pc/baby-care/feeding-nursing/sippers-bottles/?nc=cs
/pc/baby-care/feeding-nursing/baby-dishes-utensils/?nc=cs
/pc/baby-care/feeding-nursing/bibs-napkins/?nc=cs
/pc/baby-care/feeding-nursing/nursing-tools/?nc=cs
/pc/baby-care/baby-accessories/?nc=cs
/pc/baby-care/baby-accessories/other-baby-accessories/?nc=cs
/pc/baby-care/baby-accessories/soothers-teethers/?nc=cs
/pc/baby-care/baby-accessories/combs-brushes-clippers/?nc=cs
/pc/baby-care/baby-accessories/baby-gear-outdoor/?nc=cs
/pc/baby-care/baby-accessories/baby-toys/?nc=cs
